AB01 -3896563.277  -395471.502  5017141.579
AB02 -3776808.503  -744083.769  5068727.868
AB04 -2799600.878  -465105.461  5692966.175
AB06 -3524499.905 -1049128.154  5194459.802
AB07 -3425750.511 -1214686.078  5223662.386
AB08 -3068712.481  -753699.417  5521813.230
AB09 -2583615.019  -546237.023  5786501.611
AB11 -2658010.680  -693674.874  5737338.374
AB12 -3132128.013 -1033047.371  5441614.009
AB13 -3299992.147 -1299649.142  5283906.495
AB14 -3066909.889 -1171658.318  5450696.422
AB15 -2907528.498 -1065249.564  5557978.840
AB17 -2656728.283  -930647.225  5704255.513
AB18 -2398929.458  -751157.792  5842257.555
AB21 -3940203.846  -229767.868  4993529.793
AB22 -2899273.743 -1370588.126  5495032.839
AB25 -2659626.572 -1182841.157  5657252.313
AB27 -2293837.947  -978173.348  5851313.547
AB28 -2663005.551 -1367722.440  5614814.677
AB33 -2145891.512 -1230329.464  5859603.492
AB35 -2526854.501 -1946650.929  5505341.871
AB36 -2355802.996 -1319637.855  5759881.427
AB37 -2394434.113 -1648611.160  5659336.079
AB39 -2089696.930 -1451693.904  5829173.951
AB41 -2122882.514 -1709400.691  5747432.685
AB42 -2457271.328 -2143703.349  5464034.010
AB43 -2449678.964 -2313242.995  5397464.306
AB44 -2302043.678 -2283770.885  5474262.056
AB45 -1983815.807 -1198076.783  5922819.026
AB46 -1966278.139 -1347957.187  5896722.873
AB48 -2496256.352 -2527206.195  5279656.334
AB49 -2467568.263 -2639809.411  5238172.163
AB50 -2348976.762 -2386558.383  5410237.770
AB51 -2383749.929 -2564002.758  5313656.106
AB53 -2395505.524 -2580827.668  5301423.879
ABBZ -1353859.342   314829.846 -6205743.067
ABEB  3466272.029  -125903.893  5334662.679
ABGS -1040376.113  6292905.303    24418.542
ABMF  2919785.835 -5383744.898  1774604.946
ABPO  4097216.478  4429119.306 -2065771.104
ABVI  2617266.760 -5446178.322  2035024.115
AC02 -3138667.800 -1518436.909  5323007.438
AC03 -2838820.585 -1518047.904  5487673.074
AC06 -2813464.094 -1566561.089  5487809.042
AC07 -2467774.389  -835938.039  5802351.567
AC08 -2957192.725 -1465088.574  5440397.294
AC09 -2614063.218 -1862951.494  5493455.215
AC10 -3581775.878  -967327.241  5170857.986
AC11 -2571637.989 -1586307.708  5599086.755
AC12 -3450877.248 -1284085.293  5190636.130
AC13 -3271200.365 -1482340.463  5253511.996
AC14 -2641852.160 -1650838.820  5547803.838
AC15 -2720900.476 -1588436.513  5527227.782
AC16 -2671509.085 -1663305.112  5529148.784
AC17 -2776807.442 -1451442.393  5537859.784
AC18 -2920685.964 -1536677.571  5439867.488
AC19 -2643624.427 -1311884.745  5635934.605
AC20 -2673055.290 -1583832.454  5551552.249
AC21 -3347143.251 -1276294.587  5259665.226
AC23 -2752836.128 -1533596.373  5526823.565
AC24 -3051338.978 -1317097.819  5425614.073
AC25 -3485880.766 -1111544.436  5207536.994
AC26 -3030887.749 -1468433.565  5398524.777
AC27 -2942366.657 -1424747.916  5458728.941
AC28 -3440011.143 -1248720.112  5206689.418
AC31 -2609009.076  -835696.248  5740742.819
AC32 -2664748.908 -1493130.294  5581895.711
AC33 -2560583.772 -1437809.550  5644596.890
AC34 -3091813.472 -1556427.832  5339292.493
AC35 -2843220.990 -1589462.131  5465731.841
AC36 -2704911.278 -1523619.754  5552967.612
AC37 -2832787.024 -1389890.855  5526222.893
AC38 -3048695.704 -1530543.297  5371187.282
AC39 -2951219.460 -1543248.794  5421552.755
AC40 -3248413.759 -1271824.922  5321705.112
AC41 -3376013.626 -1201659.437  5259086.480
AC42 -3548311.187 -1099495.233  5167644.707
AC43 -2798140.916 -1639773.258  5473677.887
AC44 -2652975.462 -1558537.978  5569105.045
AC45 -3171145.613 -1534291.417  5299706.812
AC46 -2640427.020 -1432202.850  5608343.662
AC47 -2832480.588 -1466716.919  5505808.154
AC48 -2639213.109 -1691547.355  5536436.319
AC50 -2551628.210  -704437.482  5784006.956
AC51 -2690563.140 -1440530.713  5582880.915
AC52 -3169558.248 -1308066.395  5360086.585
AC53 -2621488.226 -1509313.197  5596432.705
AC57 -2551471.811 -1737710.395  5563537.533
AC58 -3416996.359  -589123.309  5335363.321
AC59 -2900773.713 -1440890.471  5476476.594
AC60 -3851330.443   399608.923  5051382.414
AC61 -2209480.927 -1721530.107  5711814.049
AC62 -2409398.022 -1606097.020  5665403.931
AC63 -2361555.850 -1602066.421  5685913.358
AC64 -2381196.371 -1710811.362  5646124.480
AC65 -2353756.784 -1728739.100  5652082.334
AC66 -3989021.102    48645.597  4959993.831
AC67 -3020876.509 -1577568.684  5373643.606
AC70 -2441773.302 -1514652.386  5676041.400
AC71 -2312459.521 -1576647.174  5712449.457
AC72 -2346666.210 -1589547.319  5695232.860
AC74 -2444326.885 -1479913.461  5683887.432
AC75 -2504694.014 -1468976.653  5660485.142
AC76 -2323971.083 -1734834.467  5663413.664
AC77 -2416356.466 -1665298.406  5644771.433
AC78 -2280073.666 -1779598.867  5666283.973
AC79 -2693794.408 -1722551.172  5500607.759
AC80 -2611210.296 -1402170.402  5629988.154
ACOR  4594489.467  -678367.234  4357066.332
ACP1  1098292.954 -6197010.440  1031714.585
ACP6  1157474.406 -6189582.577  1017356.462
ACSB -2460183.936 -4737087.155  3479422.880
ACSO   595827.936 -4839733.912  4097876.608
ADE1 -3939183.086  3467075.383 -3613219.538
ADE2 -3939183.073  3467075.376 -3613219.521
ADIS  4913652.443  3945922.897   995383.611
ADKS  -539282.959 -5513496.749  3150287.136
ADRI   494837.886 -4727340.118  4239050.322
AGMT -2339956.648 -4707748.660  3601666.033
AHID -1685815.842 -4377138.723  4310375.969
AINP -5476782.494 -2500760.459  2102829.142
AIRA -3530186.076  4118797.146  3344036.604
AIS1 -2430154.256 -2737192.907  5205816.540
AIS2 -2430150.174 -2737219.538  5205804.403
AJAC  4696989.129   723994.868  4239678.782
AKLV -3630989.509  -908281.457  5147807.700
AKRB -3635638.277  -901676.886  5145480.132
ALAC  5009050.966   -42071.779  3935058.005
ALAM -2158287.859 -4595239.508  3849706.578
ALBH -2341333.170 -3539049.541  4745791.230
ALEP -5480376.735 -2480922.145  2120875.237
ALGO   918129.037 -4346071.346  4561977.937
ALIC -4052052.967  4212835.946 -2545104.261
ALME  5105219.902  -219278.122  3804387.398
ALON  4470257.704  3084590.046  3332953.169
ALPP -2517070.254 -4598512.605  3622424.675
ALRT   388042.235  -740382.479  6302002.026
ALTH -2605214.535 -4392960.188  3807612.892
AMC2 -1248596.504 -4819428.194  3976505.887
AML5 -1074782.032 -5109722.523  3652441.495
ANA1 -2595092.808 -4612419.894  3547839.174
ANKR  4121948.348  2652187.828  4069023.915
ANTC  1608538.531 -4816370.624 -3847798.235
ANTO  -828648.836 -5494331.691  3121536.621
AOA1 -2547880.772 -4628773.038  3561050.366
AOML   982296.516 -5664607.238  2752614.558
APEX -2169121.454 -4666190.663  3757231.520
AQUI  4592507.200  1089876.738  4276393.157
AR27 -2448388.121 -4738603.890  3485711.767
AR53 -2459840.163 -4730042.593  3489394.426
ARCO  1467901.769 -4869809.265 -3835630.216
AREG  1942816.477 -5804077.172 -1796884.288
AREL  4419131.667  3118426.454  3370427.691
AREQ  1942826.337 -5804070.361 -1796894.048
AREV  1942826.323 -5804070.361 -1796894.041
ARGU -2386309.056 -4579772.889  3733733.747
ARL5  -659935.951 -5328390.618  3431592.867
ARLI -2267101.777 -3608210.896  4729822.638
ARM1 -2522429.972 -4567408.920  3656177.804
ARM2 -2522440.478 -4567402.554  3656178.501
ARMI  5028846.942  3867263.137   669250.405
ARP3  -693606.385 -5601311.793  2960668.866
ARTU  1843956.209  3016203.299  5291261.809
ASBU -2399895.449 -3936523.472  4394773.051
ASC1  6118526.043 -1572344.850  -876450.834
ASHM -2266246.698 -4617948.562  3759701.579
ASHV   673609.318 -5148653.665  3692529.584
ASKY   830041.350 -1341717.044  6159913.153
ASPA -6100260.269  -996502.247 -1567977.018
ATLI -2236999.568 -2339702.629  5478151.637
ATW2 -2610899.539 -1560592.829  5587416.723
AUCK -5105681.685   461563.988 -3782180.812
AUGL -2911728.624 -1461015.798  5465156.714
AUKT -5089169.526   465799.876 -3803554.493
AUTF  1360919.122 -3420458.056 -5191175.102
AV01 -2915632.969 -1456172.282  5464818.398
AV02 -2916882.010 -1458858.215  5463145.327
AV04 -2915070.904 -1456916.958  5465417.340
AV06 -3629267.496  -920656.470  5146731.054
AV07 -3632263.180  -903030.293  5147805.262
AV08 -3634477.657  -904272.299  5146131.274
AV09 -3664985.936  -877055.295  5128680.530
AV10 -3636213.077  -911075.775  5143389.088
AV11 -2911725.036 -1460964.597  5465184.827
AV12 -3625773.658  -910896.397  5150828.501
AV13 -3630881.951  -912161.614  5147141.550
AV14 -3632919.136  -916465.806  5144832.247
AV15 -3632475.864  -925223.598  5143661.363
AV16 -2914957.060 -1451118.385  5465975.017
AV17 -2911291.491 -1454597.998  5467001.393
AV18 -2913090.741 -1456425.464  5465958.327
AV19 -2914834.439 -1458728.645  5464750.465
AV20 -2915784.895 -1458321.294  5464232.515
AV24 -3573815.466  -974011.899  5175462.835
AV25 -3579579.658  -973925.625  5171729.596
AV26 -3572491.823  -985338.753  5174358.372
AV29 -3581489.036  -987437.894  5168263.152
AV34 -3543838.874 -1035423.556  5184277.882
AV35 -3545110.845  -990685.339  5192104.833
AV36 -3547132.497 -1008633.368  5187300.351
AV37 -3550378.478 -1018239.999  5183409.573
AV38 -3535678.964 -1028489.613  5191002.194
AV39 -3541488.857 -1015608.090  5189960.582
AV40 -3551267.116 -1035572.784  5178923.973
AVRY -2402752.019 -4684501.537  3589896.581
AZCN -1572188.457 -4864405.850  3804296.017
AZRY -2385740.872 -4758051.732  3504739.197
AZU1 -2472979.964 -4671337.556  3558107.979
BACK  -371052.026 -1676729.413 -6122039.384
BADG  -838282.230  3865777.326  4987624.553
BAHR  3633908.100  4425275.734  2799862.057
BAIE  1546822.969 -3879765.230  4804185.211
BAKE  -289834.408 -2756501.207  5725162.430
BAKO -1836969.614  6065616.882  -716257.979
BALD -2440377.396 -4420481.407  3888158.129
BAMF -2420721.453 -3439856.138  4778532.720
BAMO -2223891.782 -4326376.620  4114149.809
BAN2  1344086.708  6068610.283  1429292.680
BAR1 -2584163.601 -4656252.241  3498534.570
BARA  1963355.718 -5733913.664  1980342.215
BARH  1693644.511 -4239067.605  4439567.345
BARN  1481594.633 -4342107.908  4416102.197
BATM -2294451.601 -4599634.496  3764754.578
BAY1 -3484297.700 -1084760.113  5213545.420
BAY2 -3484277.389 -1084780.151  5213554.712
BAYR   493529.721 -4611778.153  4363728.870
BBDM -2627052.405 -4553579.122  3599919.562
BBID -1681419.022 -4262828.603  4424106.296
BBRY -2386884.328 -4708013.843  3571866.791
BCOV -2435249.599 -3250219.026  4901513.034
BCRK -2297115.865 -1869451.422  5630681.385
BCWR -2571121.014 -4561914.439  3631398.397
BCYI -1816427.261 -4196339.937  4434769.704
BDAR  4968137.520  3792888.199  1274430.441
BDOS  3143382.381 -5359714.593  1434876.079
BEA2 -2297657.758 -1869751.422  5630298.355
BEA5  -402271.682 -5504581.267  3185880.708
BEAT -2284553.783 -4557948.917  3821772.175
BELE  4228138.956 -4772752.149  -155761.043
BELI -2262309.132 -3553991.324  4772667.539
BELL  4775849.164   116814.775  4213019.226
BEMT -2320746.476 -4758616.025  3547263.730
BEND -2386593.803 -3922914.111  4413419.895
BENN  -259156.864  -520703.190 -6331688.619
BEPK -2435855.905 -4566920.509  3718714.770
BERP  -635498.936 -1582083.843 -6125756.812
BFLD -2526595.061 -4549604.924  3675375.809
BFSH -2477807.999 -4563941.410  3691854.945
BGIS -2499014.950 -4668524.138  3543423.974
BHR1  3633907.637  4425275.168  2799861.710
BHR2  3633907.643  4425275.166  2799861.710
BIGD -2075010.544 -3745138.938  4712276.274
BIJA   594201.418 -6259021.095  1073097.990
BIL1 -1372157.041 -4223945.713  4563650.045
BILB -2323081.163   559721.782  5894110.836
BILI -2321893.512   560096.763  5894691.634
BILL -2420421.091 -4737131.049  3507827.884
BILS -2427910.970 -3565526.879  4682480.204
BIS1 -2494921.526 -2448390.797  5317113.607
BIS2  1249004.937  4513917.396  4316147.970
BJCO  6333076.422   270973.904   704552.380
BJFS -2148744.752  4426641.130  4044655.750
BJNM -2154287.965  4373439.944  4098885.545
BKAP -2291496.399 -4681573.334  3664053.204
BKMS -2493862.259 -4671627.792  3542981.494
BKR1 -2540415.491 -4562448.555  3649920.840
BKR2 -2540394.263 -4562446.163  3649938.183
BLA1   846444.741 -5015399.766  3836465.713
BLAS  1069782.191  -453538.836  6250868.867
BLBP -5489335.547 -2477211.100  2101308.723
BLKV   847028.012 -5015664.761  3835994.979
BLMM     2448.790 -5108090.801  3806790.307
BLRW   -43119.325 -4654409.419  4346305.208
BLSA -2493192.161 -4683354.619  3527978.762
BLUF -4300030.924   891113.750 -4610274.303
BLYN -2323687.818 -3588091.314  4718526.567
BLYT -2223207.020 -4830299.765  3510587.467
BMHL -2318200.025 -4741880.607  3569941.955
BMRY -2403176.112 -4719612.384  3543454.097
BOAV  3117452.132 -5555487.883   314481.053
BOGI  3633814.965  1397454.442  5035281.171
BOGO  3633738.598  1397434.452  5035353.662
BOGT  1744398.857 -6116036.940   512731.983
BOMG -2314878.974 -4803587.608  3487757.907
BOMJ  4510195.819 -4268322.473 -1453034.982
BOR1  3738358.103  1148174.041  5021815.955
BRAN -2502255.304 -4651653.635  3563569.522
BRAS  4500676.779   884065.422  4418473.661
BRAZ  4115014.069 -4550641.680 -1741443.709
BREW -2112007.454 -3705351.826  4726826.993
BRFT  4985393.485 -3954993.509  -428426.449
BRIB -2681174.091 -4265460.643  3898552.576
BRIG   512038.300 -4680414.910  4288537.437
BRIP -1460943.910   576389.992 -6163202.545
BRMU  2304703.193 -4874817.170  3395187.096
BRN2   271786.738  5704393.373  2830708.582
BRPK -2512216.273 -4612170.640  3609922.608
BRST  4231162.334  -332746.305  4745131.140
BRU1  1578684.765 -4324849.996  4399278.319
BRUS  4027893.468   307046.188  4919475.347
BRUX  4027881.294   306998.849  4919499.078
BSHM  4395951.015  3080707.318  3433498.397
BSMK  -820592.814 -4294897.298  4628581.858
BSNC -1739512.565 -4193035.182  4468368.409
BSPC -1768696.340 -4194658.501  4455780.961
BSRY -2378118.087 -4664904.546  3630818.163
BTDM -2492028.038 -4649905.365  3573709.094
BTHL  -855723.639  6320224.672    62936.859
BUCU  4093760.502  2007794.178  4445130.183
BUDP  3513637.932   778956.715  5248216.635
BUE1  2745499.105 -4483636.708 -3599054.309
BUE2  2745499.144 -4483636.730 -3599054.304
BUEG -2643087.436 -4541933.001  3602644.520
BUEH -1747792.624 -4193096.552  4464799.037
BULL -2308137.293 -4555161.225  3810897.513
BUMS  -448805.491    43221.769 -6343497.797
BURI -1100065.109   492217.392 -6244286.207
BURN -2190267.335 -4146571.934  4310356.819
BUST -2279605.085 -4582000.408  3795378.384
BVPP -2558595.360 -4550517.220  3652217.062
BYSP  2446754.637 -5537375.890  2001281.359
BZRG  4312657.176   864635.032  4603844.690
CA99 -2444435.735 -4428691.275  3875741.650
CABA   509597.113 -6256557.659  1126154.963
CABL -2657528.580 -3857584.207  4314193.293
CACT -2329098.235 -4777485.059  3514957.206
CAGL  4893378.536   772650.201  4004182.421
CAGS  1096348.719 -4335060.687  4533255.295
CAGZ  4893379.679   772650.888  4004180.281
CAKO  4227250.113  1247281.237  4595193.759
CALL  1387454.529 -6081996.204 -1324211.992
CAM5 -2679750.610 -4452297.617  3685820.758
CAME  4542008.773  1058964.663  4336933.274
CAND -2619025.502 -4458010.923  3723079.174
CANT  4625924.247  -307096.110  4365771.636
CAPF  1278148.531 -2264497.958 -5804586.436
CARH -2620445.973 -4460940.966  3718446.976
CARR -2620447.848 -4460940.877  3718443.156
CART  1567348.829 -6075293.376  1142851.024
CAS1  -901776.127  2409383.183 -5816748.587
CASA -2444430.969 -4428687.635  3875747.289
CASC  4917536.783  -815725.799  3965857.649
CASE -2452020.140 -4729620.501  3496631.870
CASL  1107274.885 -5154173.869  3578066.676
CASP -1322023.499 -4496463.999  4313856.457
CAST -1748465.348 -4632725.301  4010194.028
CAT1 -2540622.808 -4682554.735  3495319.719
CAT2 -2532494.319 -4696707.993  3483154.611
CAT3 -2540623.429 -4682556.323  3495319.390
CAUQ  1567774.129 -4924649.830 -3725454.698
CAVA  4372203.782   975915.243  4524895.117
CBHS -2532244.817 -4638720.927  3559338.219
CCCC -2412476.115 -4600711.697  3689538.619
CCCO -2505861.165 -4671217.603  3535050.185
CCCS -2477995.559 -4687050.401  3533832.486
CCJ2 -4490604.974  3483895.180  2884928.371
CCJM -4488925.157  3483903.627  2887743.501
CCST -2543427.010 -4585920.243  3621150.082
CCV3   921806.892 -5535343.011  3021430.794
CDMT -2325536.714 -4697945.741  3622888.289
CEBR  4846664.772  -370194.890  4116929.714
CEDA -1882186.747 -4464346.931  4136556.963
CEDU -3753473.447  3912741.041 -3347959.395
CEFE  4562488.513 -3871935.935 -2200001.260
CENA -2164317.513 -1533690.906  5781222.383
CEUT  5150601.589  -478834.038  3718885.141
CFAG  2016585.013 -5050165.712 -3323308.561
CGDM -2475328.663 -4662293.906  3569248.714
CGGN  6201032.160   995277.575  1113815.843
CHA1   946821.400 -5284901.523  3431363.185
CHAB -2685745.415 -4278240.312  3881399.646
CHAC  2921442.767 -4854358.656 -2919683.179
CHAN -2674427.825  3757143.020  4391521.468
CHAT -4590671.632  -275481.862 -4404596.065
CHB1   430716.462 -4445226.551  4538514.046
CHCM -2314210.017 -3594274.582  4717681.265
CHCN -1755864.267 -4194104.923  4461192.616
CHES  1217618.109 -4742421.912  4073941.372
CHI3 -2651399.455 -1745185.085  5513742.979
CHIL -2478003.833 -4655348.633  3577932.467
CHIZ  4427602.988   -31505.654  4575622.040
CHLO -2304647.107 -4569254.388  3795405.490
CHME   825452.194 -5147175.910  3663097.647
CHML  1723896.886 -4775259.929 -3849907.444
CHMS -2452561.987 -4646250.330  3605554.798
CHO1 -2589570.425 -4198611.780  4029540.321
CHOW -2563370.823 -4402453.859  3824936.773
CHPG  4163476.686 -4163822.023 -2444511.012
CHPI  4164613.907 -4162457.022 -2445028.570
CHT1  1635805.663 -4482177.333  4218387.619
CHTI -4607856.382  -272375.107 -4386954.033
CHUM  1228950.225  4508080.033  4327868.553
CHUR  -236439.265 -3307617.000  5430049.379
CHWK -2215260.120 -3543996.854  4802098.602
CHZZ -2503336.594 -3714407.355  4525454.753
CIC1 -2433177.752 -4845044.270  3348296.207
CICE -2433308.376 -4844962.409  3348363.718
CIHL -2387708.842 -3950556.486  4389486.202
CIRX -2558057.936 -4626791.622  3556788.615
CIT1 -2491490.776 -4660802.814  3559129.198
CJMG -2430791.067 -4684573.978  3572238.251
CJMS -2433803.281 -4679401.808  3575776.746
CJTR  -207900.325 -5237726.495  3621717.584
CJVG -2481675.868 -4639142.196  3595803.181
CKIS -5583182.863 -2054142.400 -2292166.017
CKSV -2956619.470  5075902.187  2476625.437
CLAR -2458218.958 -4680467.039  3556758.662
CLBD -2452988.327 -4750343.545  3466553.107
CLCV -2483630.908 -3960875.205  4326828.677
CLGO -2299609.966 -1444753.312  5751925.610
CLK1  -626398.763 -4479354.863  4482579.646
CLMS -2481028.699 -3967963.450  4323078.807
CLOV -2041811.202 -4403898.754  4126643.211
CLRK -1103320.906  -865929.081 -6202179.413
CLRS -2360829.194 -3482884.407  4777556.837
CLWZ -2489441.813 -3960956.475  4323430.607
CMBB -2544617.314 -4339616.465  3908861.176
CMBL -4741517.441   480470.547 -4225017.663
CME1 -2746197.402 -4011270.004  4115639.669
CMOD -2604475.163 -4334577.729  3874014.577
CMP9 -2508506.649 -4637174.363  3579500.128
CMPN  1846709.596 -5269194.173 -3077807.078
CN00  2874042.969 -5356829.315  1923453.741
CN03  2614391.163 -5457271.259  2010032.689
CN05  2230512.059 -5621985.802  2017638.019
CN07  1997979.472 -5662795.636  2142453.819
CN08  1908916.115 -5763277.621  1948205.394
CN09  1842488.797 -5718038.825  2135177.153
CN11  1290838.328 -5962360.892  1855071.783
CN12  1390866.731 -5906361.326  1958908.825
CN13  1553880.175 -5615968.091  2584863.369
CN14  1674415.952 -5717887.078  2268832.525
CN15  1119330.844 -5598187.424  2834348.934
CN19  2124203.593 -5851608.566  1383532.671
CN20   848061.431 -6236541.289  1029562.934
CN22   321237.324 -6222430.468  1358940.250
CN23   129855.147 -6091362.341  1880411.868
CN24   204154.372 -6008282.842  2123487.946
CN27  2060896.329 -5643811.609  2133024.925
CN28  1199694.843 -6191344.924   950187.849
CN30   676925.013 -6203013.381  1316711.062
CN33  1060075.649 -6219124.090   935121.693
CN35   932030.588 -6135904.696  1465862.575
CN36  1543975.373 -6111209.405   971455.262
CN37  1593956.305 -6059929.027  1186476.388
CN38  1927813.141 -5928982.029  1341397.333
CN40  2238877.039 -5819723.336  1336884.921
CNCL -4549790.877   814058.821 -4382184.395
CNDN -1752082.065 -4192747.256  4463289.802
CNDR -2616492.308 -4307013.670  3896363.795
CNMR -5087757.635  3465029.130  1664653.946
CNPP -2457276.716 -4698553.805  3533511.305
CNWM  -238909.715 -5059509.181  3863793.268
COAG -2276837.224 -4855375.237  3441251.331
COCO  -741951.342  6190961.743 -1337767.072
COKG -2328311.446 -4831720.646  3440017.564
COLB   592756.058 -4859703.355  4074680.963
COLO  2234008.079 -5475356.133 -2393238.902
CON2 -1346874.448   308861.867 -6209255.150
CONO   790309.737 -5124962.656  3701605.094
CONT  1492029.622 -4887961.749 -3803553.786
CONZ  1492004.961 -4887911.339 -3803640.105
COON -1825219.176 -4490247.422  4134278.753
COPO  1907041.234 -5337379.009 -2916334.461
COPR -2624085.602 -4567199.245  3584496.110
CORB  1097041.005 -4897238.429  3923126.308
CORC  -731659.285 -5601556.918  2951108.039
CORD  2345503.867 -4910842.960 -3316365.176
CORM -5095051.246   378667.164 -3805557.344
CORV -2498423.464 -3802819.887  4454736.682
CORX -2467592.537 -4791498.761  3399444.515
COSA -1982827.226 -4936878.014  3506904.023
COSO -2411148.617 -4571429.998  3727461.402
COT1 -1933230.742 -5043635.247  3381904.015
COTD -2359843.235 -4756604.950  3521823.685
COTE -1285757.151   417822.048 -6214231.231
COUP -2299305.100 -3583515.547  4733026.219
COVX  1260167.381 -4948417.270  3808934.855
COYQ  1391587.244 -4255574.604 -4527925.802
CPBN -2419255.473 -4632919.711  3644863.460
CPCO -2394742.910 -3949031.017  4387292.206
CPUD -2181855.538 -3731670.795  4674386.650
CPXF -2332869.852 -3696442.605  4630011.493
CPXX -2332869.853 -3696442.607  4630011.493
CRAM -2299017.010 -4547649.025  3825482.865
CRAO  3783896.668  2551404.736  4441264.462
CRAR -1310643.418   310589.902 -6213367.885
CRAT -2287202.053 -4573564.768  3800907.846
CRBT -2648415.262 -4451451.119  3709581.199
CREU  4715420.054   273178.187  4271946.920
CRFP -2410447.207 -4710490.076  3550422.608
CRGG -2586242.280 -4529603.687  3660512.271
CRHS -2512420.653 -4671388.013  3530186.779
CRO1  2607771.378 -5488076.509  1932768.036
CRRL  1902243.157 -4793350.850 -3742612.075
CRRS -2323104.949 -4819509.172  3460404.474
CRU1 -2628781.529 -4592932.660  3549530.084
CSAR  4417211.063  3080364.955  3406244.561
CSCI -2564319.229 -4618739.381  3561957.610
CSDH -2510007.226 -4670035.897  3533693.126
CSKI -2307859.549 -3659745.018  4670524.521
CSN1 -2520226.570 -4637081.747  3569875.714
CSST -2583751.481 -4590803.452  3583976.894
CTDM -2519625.095 -4618783.849  3594035.031
CTMS -2348052.400 -4736256.886  3558392.675
CUCU  1901228.760 -6025504.232   870700.769
CUHS -2591457.906 -4548111.864  3633016.877
CUIB  3430711.392 -5099641.689 -1699432.638
CUPR  2532816.180 -5502313.500  1990709.332
CUSV -1132915.138  6092528.498  1504633.106
CVHS -2474677.267 -4673511.923  3554051.533
CVMS    32327.359 -5195699.890  3686950.851
CVO1 -2401137.862 -3769592.608  4535149.040
DAEJ -3120042.583  4084614.608  3764026.730
DAKA  5886683.144 -1852122.702  1606372.568
DAKR  5886533.494 -1849181.313  1610300.673
DAM1 -2507721.981 -4638443.848  3577430.312
DAM2 -2507656.433 -4638418.909  3577506.882
DAM3 -2507728.999 -4638436.564  3577427.592
DANE  1623660.122  -597385.186  6118614.819
DARR -4091359.815  4684606.334 -1408578.779
DARW -4091359.821  4684606.331 -1408578.774
DAV1   486854.597  2285099.135 -5914955.727
DCUT -1785018.978 -4525147.781  4114154.110
DDMN -2447639.181 -4419077.959  3884416.829
DDSN -2556649.787 -3900393.389  4337795.446
DEAR  5017617.330  2233215.135 -3234695.920
DECH -2445761.517 -4395861.834  3911146.328
DEFI   467313.180 -4777687.477  4185713.634
DENT  4020711.178   238851.460  4928949.849
DESC -2405964.156 -4795856.068  3438643.196
DET1   568024.294 -4690674.641  4270188.827
DEVI  -901894.358   293442.083 -6286147.620
DGAR  1916268.508  6029977.839  -801719.220
DGAV  1916268.510  6029977.828  -801719.218
DGJG  1734706.068  -995495.350  6037702.807
DHLG -2319099.698 -4799846.312  3490090.421
DIAB -2665288.227 -4279361.495  3895422.813
DIXN -2637021.016 -4248335.331  3946305.213
DKSG   716355.989 -1329176.807  6176685.002
DLF1  3924697.543   301125.373  5001905.397
DLFT  3924696.616   301132.397  5001903.672
DLNO -2531640.407 -4521846.131  3705751.347
DLUZ -2444507.789 -4734681.829  3494029.195
DNRC  1237934.597 -4794885.568  4006103.625
DNVK -4860761.142   325692.985 -4103645.928
DOAR -1022735.180 -6014377.521  1855135.331
DODM  5147409.268  3705355.692  -682881.742
DOND -2517566.447 -4415531.225  3841177.125
DONO -2484314.126 -4478506.252  3790794.476
DOUR  4086777.859   328452.348  4869782.846
DQUA  -395447.820 -5271714.134  3556711.068
DRAG  4432980.226  3149432.385  3322110.864
DRAO -2059165.124 -3621108.406  4814432.191
DREJ  3904724.294   954015.037  4935790.742
DRES  3904724.356   954013.729  4935790.183
DREW -2579575.373 -4475462.119  3728742.655
DRV1  1186303.664 -4962921.015  3813714.239
DS13 -2350842.121 -4655599.051  3660953.343
DSEA  4460123.983  3165993.944  3269215.288
DSHS -2512713.567 -4657157.540  3548646.069
DSME -2450648.469 -4758321.327  3457381.635
DSRC -1288339.034 -4721988.528  4078321.004
DSSC -2387389.901 -4744301.150  3522808.599
DUBO  -417604.067 -4064529.847  4881432.117
DUBP -2665860.777 -4290368.200  3881700.682
DUBR  4465939.638  1460594.845  4299291.681
DUCK  1268586.761 -4995511.537  3744508.623
DUM1 -1940883.707  1628482.970 -5833718.152
DUND -4388120.881   726672.226 -4556533.021
DUNT -4393729.220   725061.105 -4550895.939
DUPT  1243812.913 -2421954.740 -5748525.366
DUTC -3662518.713  -876015.543  5130608.364
DVLE -2411745.745 -4733176.252  3519160.644
DVLS -2416373.403 -4731446.036  3518275.286
DVLW -2418457.200 -4732709.339  3515199.061
DVNE -2411357.276 -4733838.453  3518496.642
DVNW -2417901.311 -4731890.681  3516638.649
DVPB -2462121.841 -4657973.200  3585180.747
DVSE -2411438.592 -4734676.340  3517321.226
DVSW -2418049.804 -4732194.512  3516131.338
DWH1 -2280790.627 -3638690.356  4700113.653
DYER -2374432.905 -4458271.378  3883834.434
DYH2 -2497232.160 -4671509.084  3540778.196
DYHS -2497117.689 -4671584.287  3540743.068
DYNG  4595220.065  2039434.246  3912625.857
EBBE  5383552.155  3422433.267     4224.163
EBMD -2694619.764 -4265134.504  3889233.717
EBRE  4833519.916    41537.521  4147461.796
ECCO -2515153.403 -4665481.604  3536015.144
ECFS -2447237.671 -4718841.047  3514426.219
ECHO -2070970.598 -4594332.342  3899086.544
ECSD  -531705.906 -4585578.645  4387066.848
EDOC -1834183.284 -1131997.272  5982811.830
EDPP -2524010.046 -4585389.886  3633193.277
EGAN -2083234.580 -4479986.304  4023297.778
EIL1 -2296298.988 -1484805.218  5743079.828
EIL2 -2296298.978 -1484805.215  5743079.810
EISL -1884949.859 -5357596.409 -2892890.647
EKY1   712814.921 -5611260.908  2937327.394
ELA2  1801448.754 -4899794.664 -3655301.947
ELAT  4555028.180  3180067.647  3123164.836
ELEN    14103.615 -6103995.023  1843981.759
ELIZ -2485778.482 -3284087.143  4853826.775
ELKO -2102742.390 -4346400.848  4156589.334
ELLY -2507646.080 -4690729.009  3508051.872
ELRO  4336217.828  3124004.004  3471463.625
ELSC -2501172.207 -4663016.971  3549214.779
ELSG -2448379.932 -4718156.952  3514566.210
ELSR -2336134.829 -3630453.867  4679402.613
ELTN -2499101.776 -4617034.097  3611360.766
ELTS -2504469.428 -4621548.151  3601867.778
ENG1     5628.958 -5534934.051  3158737.815
ENUM -2297550.549 -3683199.526  4657535.641
EOUT -1793842.499 -4455824.987  4184710.341
EPRT  1768544.212 -4164839.481  4480190.519
EPZA   485270.455 -6261027.397  1115715.144
ERLA   466446.588 -4939929.975  3994478.637
ERRG -2329244.444 -4813398.034  3464732.028
ESCO  4696264.713    79978.898  4304245.244
ESCU  1852954.178 -3937498.786  4647314.770
ESE2 -2411894.486 -4734862.972  3516769.248
ESRW -2417750.974 -4731426.043  3517433.957
ESTI   394283.862 -6201541.418  1436326.153
EUSK  4022105.919   477011.438  4910840.951
EWPP -2443387.059 -4688588.584  3556208.174
FAA1 -5247393.892 -3076866.100 -1911520.828
FAIR -2281622.099 -1453595.987  5756961.634
FALE -6134112.186  -862143.641 -1514973.658
FALK  2106811.435 -3355170.806 -4981786.194
FALL  -421669.113  -310521.572 -6335551.770
FARB -2752136.311 -4237792.662  3878893.069
FAYR  1009175.000 -5129951.691  3640967.997
FBYN  -622116.786 -4847771.664  4084781.366
FDTC   933485.700 -5194805.685  3568974.540
FEI1  -812814.401 -5493993.246  3126187.931
FERN -1989986.009 -4815005.732  3669893.601
FFMJ  4053455.570   617730.015  4869395.928
FGST -2624795.809 -4544559.617  3614079.984
FHOG -2395773.153 -4715007.989  3555934.903
FIE0 -1501097.278   307488.575 -6170747.930
FLIN  -766174.961 -3611375.397  5184056.204
FLM5 -1300637.608   466427.890 -6207707.958
FLRS  4221529.794 -2549242.333  4031398.521
FMTP -2545460.432 -4612206.468  3584252.425
FMVT -2546367.629 -4615775.611  3579495.272
FONP  1271881.462 -2356899.490 -5769304.468
FOOT -1993377.932 -4518444.346  4025085.811
FORE -1770779.138 -4523065.661  4122531.339
FORT  4985386.524 -3954998.664  -428426.110
FOXG -2483153.003 -4623210.115  3614039.376
FRDN  1760542.416 -4080068.028  4560178.671
FRED -1952384.543 -4713654.639  3817279.173
FREO   741472.373 -4821816.077  4095290.270
FSHB -2331923.813 -4823827.699  3448913.837
FST1 -1939276.285 -4844269.387  3659226.101
FTNA -6178322.583  -202694.152 -1566024.003
FTS1 -2469885.319 -3667815.003  4581028.235
FUNC  5143339.181 -1563412.391  3421191.871
FVPK -2489553.925 -4694868.761  3515327.725
FXHS -2511944.444 -4653606.062  3553874.284
FZHS -2533877.832 -4591364.224  3620414.262
G102 -3604633.870  3079823.443  4252131.143
G104 -3734880.996  3167019.590  4073088.009
G105 -3799860.528  3240116.183  3954557.385
G107 -4015024.062  3339324.632  3649638.418
G109 -3765764.952  3357383.005  3889248.651
G110 -3802288.130  3362971.266  3848948.292
G112 -3713434.653  3567422.836  3751032.811
G114 -3942545.045  3455790.767  3620325.024
G115 -3913066.534  3483057.846  3626131.148
G117 -3749062.198  3724079.385  3559716.562
G118 -3627487.115  3715155.979  3691650.022
G119 -3488617.877  3928682.356  3603969.676
G120 -3654514.401  3885746.169  3484944.087
G121 -3412583.318  4088750.964  3497865.503
G122 -3582626.027  4025348.837  3400664.123
G124 -3512443.420  4524189.704  2796935.728
G201 -3519364.358  2780889.368  4519304.977
G202 -3730050.179  2681715.821  4409668.245
G203 -3798936.083  2722640.741  4325541.056
G204 -3687264.490  3015354.733  4227576.581
G206 -4000420.115  3377635.733  3630509.593
G207 -3755156.520  3474321.367  3796308.446
G208 -3816227.266  3714594.775  3498134.926
G209 -3508722.724  3887785.896  3628551.653
G211 -3597405.664  4079119.355  3320579.581
G212 -3498826.471  4532637.318  2800301.464
GABB -2325278.364 -4388649.416  3990731.796
GAIT  1095789.795 -4831326.597  4003934.349
GAL1  -459551.494 -5545997.497  3105820.426
GALA   -33794.623 -6377522.611   -82120.569
GALB   475545.274 -4925638.914  4010732.975
GANP  3929181.185  1455237.060  4793654.100
GARL -2384509.423 -4239524.832  4114370.481
GASB -2658220.813 -4138072.618  4049411.752
GDAC -1065180.000 -4934984.875  3886468.690
GDEC -2598643.918 -4525815.378  3655387.251
GDMA   -25590.356 -4296483.125  4698239.742
GENO  4507892.019   707621.875  4441603.743
GHRP -2430188.334 -4688729.041  3565527.235
GILB  4389486.422  3121346.508  3405662.937
GISB -4985376.404   184022.214 -3960829.754
GLDB -4792406.485   628416.833 -4148067.830
GLDR -2437881.289 -3339821.779  4839934.447
GLPS   -33800.599 -6377516.511   -82154.174
GLPT  1186725.858 -4942863.940  3839372.573
GLRS -2299767.742 -4816937.866  3479453.387
GLSV  3512888.538  2068980.181  4888903.376
GMAG -2344381.445 -4726335.630  3573689.378
GMAS  5439112.487 -1522134.592  2953556.491
GMMA  1272561.823  -454443.751  6212988.409
GMPK -2247176.969 -4857246.400  3459031.120
GMRC -2271347.959 -4727907.491  3618952.167
GMSD -3607665.707  4147867.825  3223716.820
GNAA -2479126.817 -1674067.075  5614917.500
GNPS -2161144.699 -4811133.529  3574900.937
GOBS -2280401.285 -3823181.369  4553230.145
GODE  1130773.433 -4831253.576  3994200.470
GODN  1130760.660 -4831298.679  3994155.207
GODS  1130752.092 -4831349.105  3994098.971
GODZ  1130773.428 -4831253.566  3994200.472
GOGA   605777.776 -5294844.285  3492513.037
GOL2 -2353614.603 -4641385.222  3676976.348
GOLD -2353614.602 -4641385.221  3676976.348
GOPE  3979315.791  1050312.829  4857067.314
GOSH -1985697.521 -4422567.128  4133199.342
GOUG  4795578.980  -835298.987 -4107633.638
GR8R -2602238.791 -4432619.081  3764042.901
GR8V -2602241.571 -4432616.322  3764041.138
GRAB  4194424.563  1162701.188  4647247.676
GRAR   352455.510 -4659604.480  4326698.408
GRAS  4581690.619   556115.236  4389361.039
GRAZ  4194423.465  1162703.071  4647245.634
GRE0  2961421.216 -5486288.555  1341394.625
GRMD -2383866.211 -3667664.106  4626251.832
GRN5 -2668840.219 -4397203.005  3758717.990
GRNR -2416911.139 -1453470.437  5702200.182
GROK  1181093.392  -499004.974  6228050.701
GRRG -1708638.478 -4355089.656  4323941.113
GRZA   478171.698 -6265306.966  1091052.421
GTK0  1919596.470 -5620954.210  2316054.032
GTRG -1836694.839 -4276830.553  4348349.049
GUAM -5071312.644  3568363.664  1488904.428
GUAO   228378.325  4631946.893  4367028.590
GUAT   -56063.509 -6174978.629  1596665.295
GUAX -2648837.260 -4921545.530  3062675.714
GUS1 -2396424.932 -2338789.734  5410252.181
GUS2 -2396394.663 -2338784.084  5410268.153
GUST   772251.240 -4724227.236  4201259.688
GUUG -5070465.143  3576460.315  1472093.861
GVLT   695848.978 -5195048.326  3622517.975
GVRS -2492911.510 -4666279.279  3550895.211
GWEN -2316901.476 -3806506.835  4548956.358
HAAS -4502927.954   892784.070 -4414671.248
HAL1 -5466018.065 -2404394.163  2242210.500
HALY  4505446.744  3285418.890  3087773.866
HAMM   -44885.375 -5499419.429  3219506.402
HAMT -5027290.398   430177.761 -3888561.322
HAR7 -2398754.145 -4647657.223  3639254.285
HARB  5084657.608  2670325.516 -2768480.805
HARK  5084625.268  2670366.875 -2768494.020
HART  5084625.276  2670366.775 -2768494.027
HARV -2686070.108 -4527083.259  3589502.813
HAV2  -324387.197  6230358.219  1321202.492
HBCO -2514647.046 -4672980.032  3526511.286
HBRK  -636268.912 -4971311.206  3932291.484
HCES    74359.760 -5143744.425  3758032.720
HCMN -2335223.183 -4698082.199  3615872.707
HCRO -2523976.273 -4123615.482  4147626.924
HDF1  1318026.663 -4460766.877  4349486.361
HDIL    59797.365 -4852585.888  4125206.850
HDPW -2840845.809 -1540451.522  5480427.168
HEBE -1770123.135 -4523159.710  4122723.626
HELB -2485111.188 -4479023.710  3789529.758
HELG  3706066.868   513804.208  5148174.661
HELJ  3706066.862   513804.199  5148174.673
HELL -2322285.445 -4561833.985  3793250.485
HERS  4033469.823    23673.241  4924301.519
HERT  4033460.650    23538.157  4924318.465
HFLK  4248504.606   855576.102  4667172.413
HIKB -5060143.645   149885.059 -3867001.730
HIL1 -2355572.397  4886093.252 -3343993.353
HILB   976016.606 -5069590.566  3733033.686
HILO -5446002.099 -2533415.927  2138469.022
HIPT   896283.724 -5090143.275  3725268.435
HIVI -2446817.485 -4640908.638  3616548.390
HKLO  -529863.885 -5159629.722  3699768.311
HKSL -2393383.266  5393860.893  2412592.116
HKWS -2430579.856  5374285.394  2418956.034
HLFX  2018905.425 -4069070.525  4462415.534
HLID -1913866.881 -4216347.736  4374222.028
HMBG  1586181.394  -847976.682  6100142.378
HMTG -2411620.025 -4732762.970  3519878.438
HNLC -5506798.987 -2240048.214  2302721.090
HNPS -2298113.007 -4788949.569  3519491.402
HNPT  1196626.022 -4846358.488  3956723.146
HNUS  4973168.897  1734085.736 -3585433.870
HOB2 -3950072.491  2522415.414 -4311637.160
HOBU  3778219.463   698635.773  5074054.414
HOFN  2679689.908  -727950.890  5722789.668
HOGS -2625065.733 -4460124.973  3716664.244
HOKI -4635697.752   735523.353 -4304157.834
HOL3 -2459517.205 -4655995.897  3589166.867
HOLB -2503040.849 -3188233.337  4908701.387
HOLC -2459518.649 -4655991.733  3589168.986
HOLM  -983072.434 -1867623.715  5998639.523
HOLP -2500946.638 -4670472.416  3539500.770
HOPB -2708982.399 -4159578.888  3992123.976
HORN -4544702.931   792727.703 -4390925.077
HOTK -2438049.055 -4430900.503  3876822.818
HOUS  -524578.902 -5515562.010  3149180.486
HOWE  -248557.536  -146802.046 -6352823.463
HPIG -1812394.602 -4249072.338  4386944.784
HRAO  5085352.434  2668396.250 -2768731.194
HRDG   644572.750  -633804.506  6293307.765
HRM1  3981776.262   -89238.675  4965284.842
HRM2  3981776.268   -89238.672  4965284.841
HRMN  4329863.852  3121125.460  3483734.689
HRST   467447.303 -4109779.437  4839105.274
HTV1   350721.923 -5130729.703  3760329.566
HUA2   509098.346 -6261454.609  1102283.372
HUEG  4251963.229   567043.878  4704708.741
HUGO  1115264.124 -2466309.398 -5755963.223
HUNT -2618467.992 -4462644.434  3717747.895
HURR -2038303.949 -4671106.959  3823608.849
HUSB -2420875.759 -3896971.892  4419054.584
HVLK  -800338.605 -4992906.755  3875267.215
HVWY -1595965.835 -4260449.709  4458573.490
HVYS -2568090.133 -4597401.988  3587128.997
HW62 -2222399.385 -4799873.553  3552541.289
HWUT -1755958.993 -4442946.695  4214224.058
HYDE  1208443.699  5966805.991  1897077.582
I40A -2293431.210 -4720733.623  3613482.159
IBEC  1313927.981 -6243506.435    38732.001
IBEX -2299023.136 -4637887.024  3714978.902
ICIG -1782004.875 -4210086.839  4436170.480
IDOG -2344501.986 -4760143.633  3527980.251
IDQG -2346579.019 -4760697.901  3525080.257
IENG  4476537.140   600431.828  4488761.571
IFR1  5303349.829  -475692.482  3502566.481
IFRN  5301924.098  -473973.293  3504943.576
IID2 -2273075.614 -4867570.039  3426589.119
IISC  1337935.547  6070317.136  1427877.500
ILDX  4436670.807   -91137.733  4566018.325
ILSG -1513492.924 -5509047.777 -2826060.961
IMPS -2245206.602 -4783197.373  3561238.727
IMPZ  4289656.356 -4680885.003  -606346.997
IND1   492838.401 -6265175.320  1085512.470
INMN  -258644.382 -1655361.605 -6134215.321
INVK -1628432.523 -1714393.093  5903844.522
IPAZ -2023265.944 -5460589.557  2592968.512
IQAL  1036000.710 -2631455.617  5697819.789
IQQE  2034208.292 -5629172.498 -2196141.596
IQUI  1832254.609 -6095126.833  -416285.261
IRKJ  -968329.125  3794426.499  5018167.172
IRKM  -968332.939  3794425.386  5018167.652
IRKT  -968332.943  3794425.393  5018167.656
ISBA  3808364.371  3734430.259  3485693.864
ISCO   326078.008 -6340127.168   612126.589
ISHI -3959649.006  3296836.353  3747005.471
ISLK -2473742.932 -4560944.094  3698290.634
ISPA -1881702.327 -5359980.118 -2890599.356
ISTA  4208829.919  2334850.660  4171267.442
IUCO   301714.587 -4942120.106  4007461.176
IVCO -2310142.164 -4841836.006  3438045.144
JAB1 -4236443.776  4559929.139 -1388622.924
JAMA  1388059.479 -5909149.022  1951964.177
JAS1 -2434631.892 -4780690.742  3437990.829
JASK  3068822.795  4866406.317  2744102.025
JCT1  -936591.972 -5421681.400  3216577.323
JCUZ -5460102.371 -2534313.662  2103776.262
JFWS   -20260.102 -4678614.433  4320731.576
JGBL   743648.470  -446903.532  6298426.819
JIME -2437364.280 -3754570.257  4528307.596
JLN5 -2652052.474 -4443055.297  3716880.684
JMBI -1490572.353  6198991.904  -178622.890
JME2  1818345.830 -5780564.179  1983107.520
JNHG -2468758.490 -4651782.812  3588355.883
JNPR -2454727.392 -4413039.997  3886863.009
JOEN  2564138.706  1486150.050  5628951.631
JOG2 -2200208.269  5924895.418  -855929.285
JOHN -2259719.135 -4612855.420  3769777.626
JOKA -5453854.226 -2542657.265  2108834.018
JOZ2  3664880.195  1409190.919  5009618.652
JOZE  3664939.779  1409154.185  5009571.559
JPLM -2493305.035 -4655214.746  3565497.696
JPLV -2493467.395 -4655308.768  3565171.753
JRO1 -2354945.117 -3737040.453  4587359.894
JRSC -2705252.414 -4291314.846  3853391.764
JSLM  4435437.756  3129142.053  3339301.441
JTNT -1019497.025 -5256048.407  3455931.220
JWLF   541575.716  -543846.258  6310673.988
KABR  4377282.605  3081551.857  3456137.256
KAGA  1464295.922 -1733658.334  5940955.092
KAGZ   493554.649 -1100930.033  6242075.253
KAIK -4685480.549   531054.673 -4280819.045
KAMO -5460611.950 -2532183.865  2104874.483
KAN1  -466464.348 -4932743.139  4003353.603
KAPT -4811937.365   428627.695 -4150992.385
KARA -4553135.039   821276.394 -4377656.308
KARL  4146524.066   613138.426  4791517.399
KARR -2713833.531  5303935.107 -2269513.425
KAT1 -4147414.030  4581462.508 -1573358.740
KATO  3862991.704  1332823.233  4881105.796
KATZ  4349388.692  3124004.973  3453705.839
KAYO -2077861.013 -4787679.100  3656411.926
KAYT -3186179.074  5307362.883  1531588.119
KAZA  1325807.600  4606496.774  4195524.724
KBRC -2554984.266 -4607757.290  3583219.144
KBUG  2024219.349 -1769422.701  5764725.745
KELS -2405383.559 -3718715.948  4574351.049
KELY  1575558.676 -1941828.018  5848076.658
KEN1 -2748339.543 -1501544.667  5537749.239
KERG  1406337.163  3918161.092 -4816167.415
KEW1   104176.539 -4338052.096  4659064.347
KGN0 -3942152.767  3368281.454  3701895.601
KGNI -3941949.650  3368155.990  3702214.887
KHAJ -2995266.975  2990444.410  4755575.675
KHAR  3312983.892  2428203.736  4863307.985
KIR0  2248122.848   865686.914  5886426.033
KIRI -6327822.268   785605.584   149769.737
KIRU  2251420.448   862817.459  5885476.940
KIT3  1944944.569  4556652.396  4004326.077
KLHV  4472219.368  3116004.348  3302011.419
KLOP  4041875.135   620655.648  4878637.037
KLPD  3359227.774  1297490.791  5246690.538
KMJP   591675.913  -389799.116  6317493.160
KMNM -2761838.367  5110346.981  2625150.787
KMOR   433815.393  -871142.724  6282526.575
KNGS  1067510.455 -4452412.970  4425573.203
KNOL -2450430.236 -4424484.430  3877180.068
KOD1 -3028721.144 -1597307.049  5363076.900
KOD5 -3028721.137 -1597306.976  5363076.953
KOD6 -3028742.056 -1597287.443  5363070.985
KODK -3027465.767 -1575906.082  5370078.075
KOK1 -5551750.052 -2047248.421  2372727.549
KOK2 -5551742.375 -2047235.885  2372756.147
KOKB -5543838.389 -2054585.432  2387810.635
KOKV -5543838.392 -2054585.430  2387810.635
KOSG  3899224.808   396732.304  5015078.643
KOU1  3839590.172 -5059568.381   579958.088
KOUC -5751223.261  1617967.135 -2225742.919
KOUG  3855263.271 -5049732.024   563040.601
KOUR  3839591.303 -5059567.601   579957.299
KR0G  2248122.853   865686.905  5886426.020
KRAC -2440923.278 -4425288.185  3881774.432
KRTV   798557.391  3967218.176  4913554.577
KSMV -3997526.263  3276870.160  3724218.018
KSNB  2044690.319 -1462576.700  5844021.840
KSTU  -174282.445  3571333.086  5264196.013
KSU1  -570504.794 -4923591.012  4001208.448
KTBW -2336271.036 -3625819.510  4683413.041
KUAQ  1957695.742 -1273906.599  5916114.084
KULU  2107682.053 -1596883.802  5784773.729
KUMT   974206.223  4659360.311  4237004.778
KUNM -1281256.402  5640746.059  2682879.621
KUUJ   772857.175 -3558198.913  5219096.203
KVTX  -777124.996 -5605551.211  2931984.628
KWBU -2398832.372 -3943524.333  4389478.311
KWJ1 -6160880.405  1339884.889   960811.292
KYVW -2337387.462 -4755770.981  3540416.775
KYW1   842464.226 -5741929.009  2637061.557
KYW2   842487.754 -5741923.903  2637065.116
LACR -2096026.878 -4354494.122  4150986.233
LAE1 -5312857.418  3451107.410  -736321.360
LAFE   552167.318 -6261307.543  1079237.465
LAGO  5035246.356  -767656.696  3826194.609
LAMA  3524522.550  1329693.944  5129846.532
LAMP  5073164.438  1134512.932  3683181.452
LAMT  1336027.475 -4631479.341  4162860.273
LAND -2623411.310 -4458419.809  3719524.218
LANS   436837.224 -4676403.680  4301099.478
LAPC -2526456.041 -4638728.713  3563275.200
LASC -2512128.130 -4664258.106  3539831.450
LAUG  4294354.868  3082895.672  3557187.900
LAUT -6075194.740   270923.672 -1917188.876
LBC1 -2501110.587 -4676854.963  3530976.884
LBC2 -2505229.984 -4677476.708  3527244.475
LBCH -2507799.321 -4676369.208  3526891.079
LBIB  1426532.501  -630751.181  6165273.987
LBRF -2453201.723 -4767211.536  3443390.470
LCAP -5745553.300  1499230.469 -2321019.176
LCDT   168173.425 -4722152.966  4270030.121
LCK2   894638.378  5620570.012  2869603.974
LCK3   894675.866  5620593.344  2869571.388
LCK4   894678.037  5620594.844  2869567.732
LCKI   894646.973  5620574.709  2869592.097
LDBT  -651963.259 -5484761.810  3179009.281
LDES -2349235.876 -4725708.784  3571543.269
LDSW -2318661.134 -4710243.597  3610867.045
LEBA   491416.575 -4908746.613  4029489.370
LEBC -2531323.153 -4590794.708  3622586.082
LEEP -2507463.949 -4652631.512  3559087.024
LEFN   951248.533  -470001.403  6268880.339
LEIJ  3898736.059   855345.606  4958372.655
LEMA -2556508.641 -4467098.284  3754377.468
LEME   335867.425 -6220674.739  1363633.329
LEPA   544186.597 -6259328.508  1094301.544
LESV  -311569.748 -5455013.009  3279462.214
LEV1 -2412829.108 -2579056.175  5293283.420
LEWI -2198662.918 -4340957.621  4114097.182
LEXA -4421518.474   834796.070 -4505700.955
LFLO -2577622.208 -3806028.738  4406776.589
LFRS -2515893.072 -4650556.989  3555266.868
LGWD -2476170.288 -4703545.189  3513376.765
LHAS  -106938.989  5549269.344  3139216.167
LHAV  4472246.997  3115975.342  3301983.943
LHAZ  -106942.417  5549269.717  3139215.301
LHCL  2079355.535 -4582903.682 -3905925.461
LHUE -5536611.444 -2087776.005  2372845.717
LIA1  -347921.547 -4239775.948  4736766.566
LIA3  -347906.421 -4239761.914  4736780.952
LICE -2272382.693 -4577430.277  3805338.757
LINC -2454249.873 -4424434.329  3875500.000
LIND -2214366.253 -3753477.540  4642135.337
LINH -2214366.326 -3753477.639  4642135.472
LINJ -2477129.269 -4631620.247  3607500.299
LINZ  4118898.305  1048597.724  4740106.114
LITT -2268192.892 -4587677.989  3795464.534
LJRN -2531657.791 -4592198.081  3621167.008
LKCP -2257556.858 -3636692.015  4712868.171
LKHG -2404643.835 -4768909.647  3476332.467
LKHU  -496256.805 -5510739.991  3162058.024
LKTH  2107961.117 -3353969.153 -4982126.353
LKWY -1587192.124 -4267779.946  4454744.248
LL01 -2457799.928 -4654745.604  3591531.698
LLAS -2455015.094 -4648886.787  3600609.206
LLIV  4709586.033   162245.020  4285914.516
LLRG -1799418.974 -4252883.745  4386871.311
LMHG -2442694.790 -4714190.006  3523146.858
LMMF  2993387.450 -5399363.763  1596748.248
LMNL   541235.899 -6253389.574  1129394.104
LMNO  -666737.323 -5077560.968  3789624.340
LMRR -2449356.297 -4274518.585  4039474.897
LMSG -2445018.722 -4707850.292  3529867.131
LMUT -1820835.674 -4523010.194  4101673.232
LNC1 -2587833.259 -4247842.730  3979064.224
LNC2 -2587856.683 -4247828.658  3979063.909
LNCO -2497695.882 -4495241.643  3760516.753
LNGB -2348288.232 -3649658.343  4658320.769
LNMT -2367549.834 -4658701.371  3646833.077
LOMP -2660393.793 -4526095.584  3609762.909
LONG -2482078.210 -4667438.545  3556771.896
LORS -2461266.448 -4677290.351  3558949.712
LOU1   412408.146 -5014947.185  3906461.968
LOWS -2635115.187 -4456749.669  3713050.087
LPAL  5326646.211 -1719825.878  3052043.993
LPCG -2439387.057 -4676774.114  3576089.564
LPGS  2780103.011 -4437419.077 -3629404.317
LPHS -2480751.613 -4674128.047  3548946.381
LPIL -5813728.988  1314042.228 -2262940.856
LPLY    -9714.586 -1858671.174 -6080978.199
LPOC  1480312.823 -4069017.700  4667642.648
LRA1 -2689567.468 -4263712.641  3894574.380
LRA3 -2689528.440 -4263688.045  3894660.706
LROC  4424632.316   -94174.840  4577544.312
LRRG -2472350.999 -4643949.632  3595261.389
LSIG -2259490.902 -3659917.931  4694522.509
LTHM  -357997.354 -4910005.682  4041974.422
LTUT -1809077.342 -4422669.696  4212866.492
LUBB -1092365.563 -5209399.566  3504137.629
LUTZ -2682296.004 -4315123.047  3842827.265
LVEG  2008034.728 -5680307.646  2086669.778
LVMS -2552870.398 -4585907.261  3614498.296
LVWD -2194651.529 -4665700.320  3742863.957
LWCK -2472866.934 -3658754.184  4586697.475
LYNS  2108477.505 -1781679.130  5730747.419
LYTT -4588536.073   585997.292 -4376496.924
M0SE  4642432.161  1028629.807  4236854.490
MAC1 -3464039.010  1334173.330 -5169223.773
MACC   -42648.568 -5042990.704  3892014.771
MAD2  4849202.169  -360328.556  4114913.454
MADR  4849202.168  -360328.557  4114913.457
MAG0 -2825810.697  1581232.908  5477005.282
MAHO -4977265.588   448229.540 -3950346.990
MAIR    57370.371 -5109953.525  3803821.961
MAJB -6257572.032   950333.888   785215.784
MAL2  4865385.346  4110717.617  -331137.286
MALD  1803856.969  6099997.966   462750.448
MALI  4865365.968  4110738.006  -331121.226
MALL  4919369.227   225500.284  4039850.107
MANA   407981.980 -6222925.614  1333529.148
MANZ -1489331.016 -5843667.739  2070027.787
MAPS -3677041.435  -852937.902  5124427.680
MAR6  2998189.137   931452.084  5533398.975
MARG   584119.917 -1293359.367  6198091.153
MARN  3448359.355  2680706.246 -4632432.192
MARS  4630532.490   433946.714  4350142.963
MAS1  5439192.128 -1522055.098  2953455.162
MAST -4801934.084   370789.617 -4167751.920
MASW -2623332.117 -4463670.767  3713566.695
MAT1  4641951.062  1393054.060  4133281.169
MAT2 -2443204.945 -4706038.756  3533485.604
MATE  4641949.164  1393045.822  4133287.771
MATH -2443216.129 -4706036.781  3533477.950
MAUA  5501570.466  2395394.199 -2157850.893
MAUI -5466069.161 -2404326.772  2242128.109
MAVL -4392931.442   924278.169 -4516479.749
MAW1  1111287.226  2168911.169 -5874493.608
MAWY -1597259.395 -4229411.824  4486549.081
MAYZ  2352504.478 -5585159.356  1981262.449
MBAR  5482951.035  3260442.993   -66519.513
MBWW -1325707.777 -4567119.141  4238966.126
MC01 -1575526.128 -4701075.225  4001088.635
MCAR -1228900.652  -882940.623 -6176254.018
MCD1   733467.993 -5595633.589  2961793.264
MCES -2824841.337 -1549258.548  5486650.009
MCHN   380316.255 -4262078.926  4714111.438
MCIL -5227187.274  2551881.624  2607618.408
MCM4 -1311702.987   310814.751 -6213255.159
MCN1   602581.705 -5338955.449  3425604.583
MCON   698830.413 -4867122.263  4049240.972
MCSO -2458669.243 -3792427.427  4485327.178
MCTY    26809.765 -5158157.857  3738952.227
MDMT -2445076.766 -4033868.076  4281176.366
MDO1 -1329999.043 -5328393.358  3236504.046
MDVJ  2845455.629  2160954.500  5265993.357
MDVO  2844671.648  2161070.440  5266364.023
MEDI  4461400.361   919593.978  4449505.007
MEE1 -2636083.671 -4429343.965  3745415.633
MEE2 -2636890.607 -4429248.982  3744781.144
MEM2   -18703.021 -5200623.975  3680096.814
MERC -2245158.084 -4607537.655  3785494.816
MERI    39480.593 -5957733.080  2269335.120
MERS  4239149.159  2886968.044  3778877.257
METR   552538.787 -4663338.357  4302000.276
METS  2892570.428  1311843.743  5512634.332
METZ  2892569.489  1311843.952  5512634.740
MFKG  5185375.388  2477739.536 -2760200.827
MFP0 -1283643.644 -4726416.991  4074807.503
MFTN -1283637.664 -4726440.441  4074780.085
MFTS -1283637.224 -4726441.749  4074778.736
MFTW -1283639.040 -4726441.108  4074778.905
MGUE  1823327.788 -4850352.612 -3709085.389
MHCB -2664064.200 -4323171.781  3848361.589
MHDL -2709309.145 -4253690.735  3891678.441
MHMS -2506712.781 -4666364.039  3540838.975
MHTL -2361646.534 -3822165.532  4514347.019
MIA3   982510.066 -5664647.164  2752419.723
MIDA -2621557.368 -4457842.025  3721513.401
MIG1 -2673548.810 -4565822.643  3550037.657
MIK2  2032023.056 -1242876.447  5897693.836
MIKL  3698553.582  2308676.331  4639769.686
MIL1   172135.570 -4668696.616  4327808.305
MIL2   172154.838 -4668709.062  4327794.495
MILP -2674288.328 -4307461.520  3857280.060
MINE -2148182.724 -4385855.272  4091929.788
MINS -2456963.313 -4421388.727  3876785.844
MIPR  2418484.960 -5569299.665  1946392.695
MIZU -3857171.327  3108692.747  4004040.090
MJPK -2457038.850 -4709792.287  3520995.560
MKAH -2409847.811 -3494679.161  4744374.080
MKAI -5464380.141 -2527722.869  2100820.820
MKEA -5464105.495 -2495165.064  2148291.864
MLCC -5472956.458 -2495203.533  2123159.407
MLF1   246129.109 -5403152.277  3368920.024
MLFP -2431725.578 -4707759.668  3539203.616
MLKN -1350309.934  6205308.512  -591012.692
MMAU -5463927.967 -2527228.479  2102748.594
MNMC -2618261.380 -4456647.003  3726074.467
MNNA -1418608.932  6198808.614  -491610.609
MNP1  1499280.673 -4576355.400  4168038.226
MNRC -2667448.650 -4196293.725  3982289.616
MOB1   190171.935 -5512307.138  3192181.701
MOBJ  2936424.201  2178374.308  5208858.573
MOBK  2936424.199  2178374.306  5208858.571
MOBN  2936431.611  2178364.816  5208858.391
MOBS -4130636.997  2894953.171 -3890529.971
MOCU  4886734.005  3660420.302 -1838986.408
MODB -2399442.907 -4105688.025  4238581.872
MOIL -2078363.584 -4374635.584  4139531.013
MOIU  5207811.124  3685973.227    31892.038
MOLA -2699935.821 -4251148.617  3900757.052
MONB -2675632.699 -4304128.974  3860728.595
MONG  5660165.690  2420192.128 -1667523.061
MONI -2227411.135 -4425716.593  4006378.855
MONP -2386247.756 -4802358.836  3444902.531
MOPI  4053737.521  1260571.964  4744941.073
MOPR  2278832.851 -5620854.042  1966465.216
MOPS  4463918.989   863591.271  4458194.203
MOR1  1434336.535 -4618264.013  4144739.057
MORP  3645667.567  -107276.905  5215053.742
MOUT -1778912.770 -4478034.954  4167352.550
MOZI  4639049.383  2204980.411  3769175.673
MPLA  2700316.931 -4243736.888 -3908569.572
MPLE   422271.063 -4605910.827  4377365.624
MPUT -1803901.840 -4548333.632  4080488.291
MPWD -2547550.445 -4619066.134  3573682.163
MQZG -4580569.894   590466.572 -4384379.547
MRDM -2470411.131 -4669401.550  3562728.472
MREP -3674291.341  -865292.751  5124893.349
MRO1 -2556630.321  5097138.323 -2848384.476
MRRN  -948740.399 -4582734.091  4320380.656
MSAI -1007334.672  6296397.427  -146654.880
MSCG -2373333.497 -4729544.335  3550497.484
MSHP -2677209.726 -4296954.347  3866626.635
MSKU  6198407.069  1494057.223  -180398.969
MSOB -2414458.100 -4695984.805  3568621.280
MSSA -3854395.998  3427834.180  3741737.282
MSSC    37114.797 -5507204.496  3206321.878
MSVG  1783896.585  -790993.489  6052020.764
MSWB -3665485.386  -860549.650  5131505.328
MTA1 -2503444.118 -4660012.078  3551563.676
MTBG  4122590.299  1213677.158  4697542.311
MTGG -2396451.067 -4775764.776  3473046.855
MTJO -4533816.128   761553.410 -4407673.199
MTKA -3947763.235  3364399.479  3699428.545
MTY2 -1029483.681 -5657637.238  2750926.045
MULN -2571555.203 -4437662.258  3778752.509
MUSB -2491802.924 -4438642.260  3833672.542
MUSD -2566076.800 -4611076.319  3570486.099
MVFD -2386012.375 -4780308.915  3474201.280
MWTP -2448252.379 -4426828.869  3875340.792
MXS1 -2312166.561 -4853237.362  3420719.337
MYT2 -1675204.878 -4590489.236  4087748.688
NAGA   441479.682  5636225.066  2947375.684
NAIN  1671836.279 -3103473.340  5297671.411
NAIU -1823707.342 -4462260.642  4164691.867
NAMA  4476294.483  4036794.923  2086353.589
NANO -2335727.043 -3451608.367  4812009.860
NAS0  1255070.610 -5643661.872  2684339.035
NAUR -6212554.808  1442788.062   -61006.143
NBPS -2319111.674 -4723838.377  3593702.565
NBR2  1169652.673 -5086497.543  3653737.390
NDAP -2185095.448 -4768564.720  3616863.041
NDBC    37467.197 -5508265.070  3204510.463
NDS1  -495850.232 -5055714.837  3844209.983
NDSK  -498567.619 -5050077.601  3851195.193
NEAH -2415625.730 -3498394.153  4739316.834
NEB3   449726.093 -4389684.471  4590090.909
NEFT  3221768.825  3738149.117  4027084.344
NEIA  3875255.010 -4292588.864 -2681108.494
NETP  -515008.023 -5515795.308  3150298.418
NETT -4546613.018   796682.966 -4390116.535
NEVA -2265361.551 -4581537.645  3804890.398
NEWL  4079953.707  -395929.899  4870197.150
NEWP -2548454.211 -3769449.655  4454636.536
NEWS -2270837.012 -4360575.987  4052314.536
NHRG -2563131.423 -4597243.287  3593103.207
NICO  4359415.332  2874117.295  3650778.095
NIEB  1400384.825 -4697826.860 -4066847.265
NIHU  1554480.820 -4899547.007 -3763594.063
NIST -1288398.619 -4721696.935  4078625.326
NISU -1288363.951 -4721684.203  4078659.269
NIUM -5937161.052 -1054674.815 -2071385.804
NJI2  1319481.666 -4656034.422  4140724.981
NKLG  6287385.680  1071574.993    39133.303
NLGN  -641818.172 -4688244.606  4262977.825
NLIB  -130934.935 -4762291.689  4226854.601
NLSN -4775888.767   549740.190 -4177980.607
NMEA -5740949.565  1384372.978 -2401599.206
NMKM    53750.584 -5135963.668  3768906.068
NNOR -2414152.670  4907778.696 -3270643.907
NNVN  2152868.803 -2145447.160  5591017.527
NOA1  4599641.994  2034827.524  3909890.460
NOCO -2452229.581 -4696752.905  3539164.064
NOMT -1648248.373 -4156677.234  4535140.071
NOPE -2264584.603 -4646164.554  3725944.554
NOPK -2513986.085 -4659619.197  3544601.666
NOR1   364027.315 -4561442.528  4428749.485
NOR2   418698.240 -4499249.654  4486759.112
NOR3   505437.026 -4483924.283  4492858.244
NORM -2395438.895 -3947138.076  4388669.456
NOT1  4934545.853  1321265.377  3806456.434
NOTO  4934528.180  1321262.726  3806479.965
NOUM -5739972.080  1387563.166 -2402122.260
NOVA  4431898.831   671367.610  4522512.501
NOVJ   452288.037  3635913.191  5203396.787
NOVM   452260.557  3635877.613  5203453.316
NPIT -5467332.558 -2516888.461  2106821.881
NPLD  3985500.027   -23625.092  4962941.890
NPLY -4924807.164   507350.539 -4008309.683
NPOC -5460146.063 -2533403.589  2104701.456
NPRG -1795322.914 -4265083.534  4376823.198
NPRI  1531391.993 -4531473.983  4204982.665
NRC1  1112776.863 -4341475.923  4522955.905
NRC2  1112776.869 -4341475.955  4522955.929
NRIF  4525066.528  3172730.198  3174290.626
NRIL    64536.721  2253782.928  5946363.516
NRL1  1117248.855 -4848758.686  3976821.242
NRMD -5743538.242  1380503.767 -2397895.760
NRSK  1146860.556  -366570.657  6242817.158
NRWY -1603691.815 -4249043.224  4466533.617
NSSP  3478646.031  3418806.109  4097987.519
NSSS -2440113.243 -4794640.259  3414804.958
NTKA -2470820.513 -3324948.152  4833520.877
NTUS -1508023.389  6195576.504   148799.287
NURK  5516756.343  3196625.179  -215026.948
NVSK   433605.029  3655558.589  5191286.661
NWBL  2848019.491 -5402367.695  1833861.054
NWCC    48583.963 -5138512.887  3765530.993
NWOT -1314628.780 -4711477.424  4084961.461
NYA1  1202433.545   252632.447  6237772.864
NYAL  1202430.237   252626.863  6237767.888
NZRT  4379257.848  3104297.784  3433926.810
OAES -2322404.450 -4747381.213  3559741.934
OAT2 -2524554.434 -4630093.685  3577352.537
OBE2  4186558.018   835027.796  4723759.679
OBE3  4186558.445   835022.901  4723761.413
OBE4  4186704.186   834903.812  4723664.952
OBEC -2506736.352 -3845596.930  4413438.773
OBER  4186558.009   835027.798  4723759.656
OBSR -2302444.752 -3711240.214  4635885.932
OCEN -2449015.974 -3609073.470  4638139.359
OCSD -2453024.993 -4743150.978  3476337.169
ODS5 -1156492.031 -5297413.694  3349021.025
OEOC -2471017.955 -4697798.067  3525085.522
OFW2 -1622367.364 -4263926.572  4445608.295
OFWY -1622404.086 -4263862.811  4445666.536
OGHS -2430836.023 -4762197.319  3466199.367
OHI2  1525812.254 -2432478.231 -5676165.528
OHI3  1525809.424 -2432478.739 -5676166.230
OHIG  1525873.002 -2432481.367 -5676146.070
OHLN -2686856.785 -4254625.666  3905990.617
OKEE   602996.874 -4639569.969  4320607.191
OKIT -5460587.921 -2533336.979  2103687.606
OKNC -3724818.351  -783201.976  5101262.069
OKOM   104972.902 -5286698.473  3554802.027
OKSO -3734062.122  -782667.909  5094697.060
OMH1  -490612.258 -4738407.879  4227535.414
ONAB -2552363.152 -3773438.545  4449051.297
ONSA  3370658.242   711877.445  5349787.165
OPBL -2303971.880 -4741038.963  3581079.548
OPCL -2334400.144 -4722166.714  3586423.059
OPCP -2317670.235 -4734430.191  3580754.131
OPCX -2321406.091 -4728238.238  3586538.283
OPMT  4202777.103   171368.371  4778660.418
OPRD -2330415.646 -4716837.144  3596104.848
ORC5 -2656572.130 -4520228.104  3619917.845
ORES -2645609.266 -4531308.121  3614198.358
ORID  4498451.369  1708267.397  4173592.043
ORMT -2369508.352 -4687759.837  3609342.505
ORVB -2573122.315 -4198905.312  4040198.052
OS0G  3370658.228   711877.429  5349787.143
OSHK  1437616.109  4637739.352  4123546.454
OSJE  4237752.847  1432792.073  4531310.488
OSN1 -3067863.761  4067640.772  3824295.571
OSN2 -3067863.758  4067640.766  3824295.568
OUS2 -4387891.165   733421.180 -4555175.891
OVLS -2567782.398 -4605455.274  3576532.075
OXEC  -645257.594 -6083156.163  1802196.651
OXMT -2716643.094 -4276730.314  3861635.565
OXYC -2498228.611 -4657747.299  3558401.027
OYLR -2301778.011 -3654486.434  4677609.744
OZST -2574194.414 -4577156.711  3609640.695
P001 -2099488.603 -4994069.968  3355920.741
P002 -2251574.204 -4383623.301  4038222.388
P003 -2185093.811 -4906659.156  3428139.391
P004 -1977923.899 -4858389.139  3619268.798
P005 -2092682.602 -4431381.060  4071633.098
P006 -2134720.291 -4693566.075  3742234.731
P007 -2001730.928 -4328230.419  4223912.075
P008 -1859350.086 -4811103.793  3741898.523
P009 -1891355.113 -4629376.410  3948381.598
P010 -2113926.858 -4808510.481  3608363.823
P011 -1723275.658 -4861194.423  3742648.298
P012 -1664354.390 -4743666.992  3915063.870
P013 -2199294.260 -4255586.324  4199189.974
P014 -1949819.410 -5053443.103  3358447.524
P015 -1806152.128 -4959806.540  3571755.655
P016 -1859799.264 -4520852.287  4085740.723
P017 -2396432.952 -4161553.377  4187076.032
P018 -2126816.334 -4162510.199  4326986.108
P019 -1988227.734 -4203912.771  4352986.728
P020 -2083774.494 -3827351.010  4642283.253
P021 -2028708.234 -3700870.426  4767620.950
P022 -2113560.892 -3972725.252  4506156.509
P023 -1991661.023 -4064945.656  4480433.986
P024 -1880051.055 -3881732.449  4685574.883
P025 -1866909.163 -3779476.755  4771403.643
P026 -1589273.295 -5135738.505  3422844.935
P027 -1462205.992 -5165893.929  3437077.872
P028 -1588370.634 -4915222.853  3732172.428
P029 -1516284.039 -4768943.218  3945270.816
P030 -1670490.274 -4464884.991  4226343.999
P031 -1515483.330 -4689599.083  4037685.564
P032 -1414312.189 -4553166.399  4225680.737
P033 -1374663.993 -4389900.548  4405280.357
P034 -1483356.373 -5020831.179  3633960.552
P035 -1376910.803 -5073611.195  3602566.806
P036 -1355886.511 -4958443.268  3767321.142
P037 -1304152.204 -4831831.391  3943232.889
P038 -1225472.115 -5141071.460  3560657.192
P039 -1169204.748 -5003010.656  3769191.862
P040 -1104361.765 -4905636.270  3912374.592
P041 -1283634.481 -4726427.875  4074797.923
P042 -1220743.916 -4584480.078  4250806.286
P043 -1128701.958 -4465270.582  4399615.860
P044 -1116560.586 -4752090.267  4093489.616
P045 -1726168.027 -4143347.492  4518487.403
P046 -1725275.588 -3999944.777  4644952.041
P047 -1672353.043 -3898180.579  4749200.605
P048 -1615691.218 -4164592.125  4539442.139
P049 -1545100.014 -4044895.866  4669084.488
P050 -1525480.365 -3923083.426  4777585.096
P051 -1416839.280 -4223178.939  4551063.994
P052 -1266648.526 -4138194.562  4670709.416
P053 -1283559.444 -4015770.314  4771131.519
P054 -1110122.729 -4310701.933  4554151.704
P055 -1102410.970 -4206589.080  4651093.424
P056 -2508652.736 -4514039.772  3730713.530
P057 -1833359.119 -4399352.953  4226392.796
P058 -2705947.275 -4000370.285  4152060.426
P059 -2758535.089 -4132153.460  3986125.176
P060 -2584326.182 -4069908.437  4162507.293
P061 -2614919.483 -3874732.404  4324961.487
P062 -2408678.714 -3994375.391  4337547.443
P063 -2326563.428 -3880307.018  4481953.305
P064 -2361116.504 -3568921.390  4715798.865
P065 -2246882.659 -3749350.934  4630658.846
P066 -2371967.117 -4826895.516  3418658.315
P067 -2675936.660 -4452983.962  3687903.651
P068 -2319453.334 -4365051.904  4019552.218
P069 -2291191.831 -4381733.293  4018303.505
P070 -1310384.050 -4995596.355  3733318.576
P071 -2273771.140 -4386327.231  4023464.983
P072 -2217512.344 -4401202.905  4038452.849
P073 -2193789.674 -4414624.832  4036583.988
P074 -2163436.039 -4425972.495  4040519.580
P075 -2156291.747 -4442913.478  4025713.925
P076 -2122194.682 -4446756.374  4039669.045
P077 -2120503.663 -4459375.440  4027230.144
P078 -2273903.352 -4298318.284  4115671.899
P079 -2066774.318 -4495212.861  4016033.673
P080 -2037875.743 -4518183.439  4003857.696
P081 -2007174.198 -4535571.639  3999121.998
P082 -1972447.103 -4535189.624  4016349.784
P083 -2246738.259 -4321901.967  4106252.798
P084 -1902527.435 -4470353.441  4120779.521
P085 -2185726.071 -4338997.852  4121055.267
P086 -1837861.173 -4485164.608  4133783.915
P087 -2155505.361 -4365309.648  4110324.767
P088 -1790866.059 -4495018.536  4144515.741
P089 -1765743.357 -4502108.485  4147417.617
P090 -2447198.272 -4273073.721  4042495.173
P091 -2369987.664 -4546590.564  3784298.082
P092 -2354354.451 -4540690.032  3801308.886
P093 -2406640.308 -4527347.496  3783184.268
P094 -2365411.836 -4504643.727  3836215.524
P095 -2423214.602 -4276587.015  4053306.516
P096 -2402419.773 -4280073.276  4061366.831
P097 -2368600.117 -4295341.445  4065034.150
P098 -2352701.978 -4300073.905  4069351.544
P099 -2336201.966 -4364429.787  4012160.159
P100 -1881971.859 -4371103.691  4235027.227
P101 -1728217.887 -4447317.145  4221483.265
P102 -2113889.999 -4420735.680  4073340.417
P103 -1933659.606 -4546130.490  4022967.576
P104 -1912134.024 -4567268.922  4009233.432
P105 -1889727.423 -4561284.200  4026569.957
P106 -1868595.191 -4564647.545  4032777.344
P107 -1603784.251 -4971337.287  3651015.548
P108 -1839852.691 -4566513.173  4043985.499
P109 -1816216.388 -4575374.284  4044771.601
P110 -1806925.676 -4570496.843  4055161.680
P111 -1861423.917 -4382653.541  4231414.245
P112 -1794521.808 -4567343.573  4063627.427
P113 -1914893.394 -4451028.362  4135664.952
P114 -1857480.279 -4478243.983  4132542.854
P115 -1854170.356 -4492321.815  4119265.509
P116 -1822883.828 -4508570.972  4116105.873
P117 -1802039.843 -4516521.658  4115939.020
P118 -1765202.547 -4515892.030  4133145.143
P119 -1755399.783 -4512199.833  4141232.637
P120 -1409191.518 -5038302.035  3639743.170
P121 -1837810.909 -4393795.823  4230318.081
P122 -1814352.526 -4416838.078  4216279.422
P123 -1405300.657 -4929802.994  3786420.513
P124 -1787719.464 -4434256.786  4210136.685
P125 -1782261.039 -4433753.085  4212582.443
P126 -1773351.651 -4438065.448  4212334.440
P127 -2434850.169 -4286123.837  4036205.399
P128 -2395375.901 -4309188.840  4034951.733
P129 -2360628.499 -4356870.745  4004939.626
P130 -2392981.895 -4328134.519  4016271.868
P131 -2342474.496 -4341136.317  4032579.863
P132 -2339950.318 -4399903.815  3969848.186
P133 -2375069.899 -4381587.131  3969625.987
P134 -2402350.563 -4346395.297  3991853.146
P135 -2418051.608 -4359521.179  3967838.777
P136 -2449789.961 -4337310.816  3972804.796
P137 -2380444.636 -4211404.576  4144806.413
P138 -2364847.865 -4264513.376  4099351.832
P139 -2429624.462 -4255708.705  4071149.036
P140 -2539992.638 -4278992.074  3978243.301
P141 -2509738.204 -4280211.490  3997706.119
P142 -2463842.467 -4300245.334  4004091.879
P143 -2472968.691 -4324197.586  3972676.042
P144 -2532096.080 -4231999.114  4033363.615
P145 -2370594.113 -4168877.427  4193481.324
P146 -2510762.215 -4256089.341  4022850.865
P147 -2470571.720 -4230517.578  4074255.075
P148 -2490964.266 -4177642.413  4114508.729
P149 -2469315.322 -4258939.362  4045726.002
P150 -2474961.482 -4280914.851  4019149.137
P151 -2442202.725 -4216875.934  4103356.310
P154 -2618368.615 -3976995.069  4229869.103
P155 -2628627.816 -4018680.237  4186386.965
P156 -2728553.161 -4059578.171  4080378.845
P157 -2748053.210 -4027275.233  4099453.311
P158 -2726942.140 -4026584.962  4114378.006
P159 -2735813.339 -4013142.080  4121159.291
P160 -2723231.294 -4017168.642  4124747.269
P161 -2725299.677 -4008186.923  4131968.083
P162 -2724770.787 -4003808.596  4136468.801
P163 -2731407.597 -4040756.273  4096906.803
P164 -2709978.256 -4064463.482  4088860.439
P165 -2716014.777 -4048986.015  4099186.744
P166 -2709145.366 -4037288.576  4115315.775
P167 -2706156.126 -4030195.934  4124712.847
P168 -2701242.330 -4022683.440  4135294.344
P169 -2702159.330 -4010998.387  4145341.368
P170 -2691339.683 -4010685.336  4152976.975
P171 -2705141.957 -4364218.308  3771984.024
P172 -2712022.943 -4379632.500  3748821.180
P173 -2685071.057 -4417843.557  3723516.556
P174 -2654559.841 -4409051.293  3755466.562
P175 -2656853.185 -4398262.445  3766590.054
P176 -2712719.797 -4281637.430  3859342.292
P177 -2720816.531 -4271639.303  3864087.825
P178 -2708471.134 -4279023.234  3864681.687
P179 -2628933.298 -3944070.065  4254036.628
P180 -2682089.312 -4393407.871  3754840.875
P181 -2697941.402 -4255089.025  3898009.759
P182 -2735748.744 -4183649.365  3948843.509
P183 -2734197.788 -4199232.449  3932827.579
P184 -2750017.329 -4122082.777  4002486.139
P185 -2747321.512 -4111759.254  4014912.666
P186 -2735111.907 -4129459.119  4005495.655
P187 -2733236.813 -4113455.143  4022756.208
P188 -2732638.105 -4171208.679  3963725.694
P189 -2729043.391 -4146927.607  3991345.569
P190 -2708834.022 -4138893.110  4013284.812
P191 -2617962.247 -3935539.830  4268533.733
P192 -2698726.919 -4139018.329  4020004.506
P193 -2729545.708 -4217919.864  3916229.248
P194 -2720516.697 -4218785.117  3921813.099
P195 -2713026.858 -4184196.802  3963410.278
P196 -2710854.455 -4215684.135  3931525.322
P197 -2707773.443 -4206898.059  3942820.333
P198 -2702277.728 -4224222.656  3928131.675
P199 -2694489.256 -4228939.901  3928501.686
P200 -2691515.415 -4232701.425  3926371.767
P201 -2695022.785 -4204634.975  3954440.677
P202 -2688247.293 -4220352.218  3942750.119
P203 -2702657.553 -4174954.138  3981336.607
P204 -2694819.846 -4195915.438  3963650.301
P205 -2685663.233 -4141400.157  4027058.898
P206 -2680785.790 -4195731.466  3973296.097
P207 -2673660.112 -4161685.609  4015867.520
P208 -2648394.362 -4188718.546  4001786.660
P209 -2709926.821 -4315521.059  3823876.628
P210 -2688759.259 -4348064.105  3801079.954
P211 -2684013.263 -4346119.430  3806712.619
P212 -2693569.819 -4333680.029  3814047.535
P213 -2694809.774 -4314131.157  3835348.867
P214 -2687206.744 -4334599.164  3817527.875
P215 -2683249.511 -4333892.377  3822142.745
P216 -2681942.999 -4337995.142  3817811.124
P217 -2672526.086 -4335538.614  3826692.277
P218 -2673831.863 -4326943.169  3835457.058
P219 -2711912.850 -4292337.995  3847863.343
P220 -2707250.146 -4296663.172  3846996.408
P221 -2698118.041 -4301326.139  3847286.327
P222 -2689640.652 -4290436.973  3865051.078
P223 -2684330.161 -4279224.659  3881173.324
P224 -2688201.698 -4265643.310  3893778.693
P225 -2681519.185 -4281621.473  3880440.463
P226 -2677501.091 -4314063.434  3847179.608
P227 -2668111.327 -4304967.213  3864897.922
P228 -2657817.231 -4305567.455  3870768.360
P229 -2674303.068 -4283444.885  3883668.232
P230 -2657625.833 -4288583.544  3889987.454
P231 -2708725.279 -4350832.055  3783764.566
P232 -2680401.422 -4360502.224  3792952.398
P233 -2665701.458 -4363644.467  3799799.973
P234 -2676640.166 -4352308.517  3804898.501
P235 -2674517.961 -4357320.953  3801129.141
P236 -2672262.497 -4351445.345  3808872.821
P237 -2669014.968 -4374808.081  3785571.623
P238 -2666422.944 -4359267.964  3804030.976
P239 -2669684.266 -4348382.785  3814076.594
P240 -2667666.865 -4346075.638  3818100.665
P241 -2663253.462 -4333416.788  3836750.843
P242 -2663555.952 -4352803.039  3813317.840
P243 -2655147.958 -4360920.875  3810270.923
P244 -2653337.720 -4354633.546  3818387.707
P245 -2504131.115 -4389118.700  3881269.272
P247 -2656446.922 -4388313.052  3778580.941
P248 -2657969.835 -4275411.083  3903451.548
P249 -2645405.510 -4391503.033  3783575.760
P250 -2649116.980 -4362442.862  3813314.756
P251 -2659780.524 -4366333.688  3800738.254
P252 -2625257.063 -4359205.677  3832428.644
P253 -2659923.762 -4314693.797  3860314.326
P254 -2645678.117 -4322568.296  3861306.101
P255 -2631123.296 -4323211.231  3868815.130
P256 -2639706.384 -4289968.730  3899471.478
P257 -2635437.842 -4306708.630  3883989.749
P258 -2635007.466 -4336676.846  3851701.991
P259 -2619348.561 -4342043.578  3855666.031
P260 -2608362.559 -4326670.682  3880130.934
P261 -2677433.237 -4248806.021  3918882.050
P262 -2673022.253 -4261798.886  3907637.991
P263 -2677599.227 -4214475.255  3956121.134
P264 -2665157.293 -4232962.262  3944324.865
P265 -2644083.197 -4238953.940  3951656.113
P266 -2648479.327 -4264322.242  3921528.860
P267 -2639831.638 -4253759.180  3938614.168
P268 -2623315.423 -4256408.233  3946714.109
P269 -2656301.089 -4193007.653  3992463.675
P270 -2625150.197 -4192123.043  4013304.563
P271 -2621690.399 -4242467.583  3962672.698
P272 -2620588.057 -4203105.302  4004848.015
P273 -2616912.505 -4289196.743  3915549.345
P274 -2616338.368 -4276087.676  3930143.077
P275 -2596600.229 -4285033.490  3933502.586
P276 -2576198.026 -4271426.362  3961769.672
P277 -2723379.686 -4296846.039  3834491.905
P278 -2675258.067 -4441700.597  3702496.925
P279 -2672701.743 -4437235.245  3709649.093
P280 -2625231.829 -4483987.692  3687423.336
P281 -2618741.816 -4465418.084  3714134.659
P282 -2615403.729 -4467629.007  3713848.567
P283 -2611763.101 -4472137.461  3711070.002
P284 -2655930.433 -4436532.335  3722498.969
P285 -2645512.431 -4406096.393  3766021.205
P286 -2632179.940 -4406240.140  3774674.128
P287 -2636721.057 -4441125.944  3730779.600
P288 -2646785.264 -4426152.593  3741001.492
P289 -2637904.223 -4434125.601  3738095.074
P290 -2634085.757 -4431326.292  3744819.699
P291 -2636019.296 -4449325.400  3721644.492
P292 -2620192.876 -4452596.537  3729460.563
P293 -2622538.437 -4444556.253  3736526.649
P294 -2613401.385 -4447338.451  3739546.108
P295 -2658829.580 -4452734.628  3701288.319
P296 -2609740.297 -4454682.428  3732983.314
P297 -2627088.386 -4450693.400  3726234.966
P298 -2605537.521 -4459903.831  3729803.758
P299 -2630007.744 -4427641.748  3751687.325
P300 -2594605.788 -4444232.916  3755548.518
P301 -2613695.159 -4394438.306  3800256.488
P302 -2609953.491 -4409925.917  3785015.411
P303 -2602314.222 -4381873.209  3822209.994
P304 -2586225.722 -4415774.529  3794231.878
P305 -2553307.419 -4387591.471  3848596.814
P306 -2572227.094 -4341705.198  3887553.827
P307 -2556242.783 -4417223.270  3812747.281
P308 -2507997.046 -4372093.196  3897714.784
P309 -2585071.730 -4310586.645  3913335.819
P310 -2516711.722 -4300915.961  3970585.271
P311 -2430788.626 -4473267.584  3835347.512
P312 -2733237.167 -4098566.972  4037965.092
P313 -2722844.279 -4103716.032  4040367.755
P314 -2719193.506 -4095528.440  4051987.807
P315 -2721398.977 -4077958.775  4066536.267
P316 -2678784.993 -3958610.234  4209244.658
P317 -2708349.379 -4083834.050  4070674.310
P318 -2712963.421 -4118825.343  4031599.707
P319 -2697514.518 -4107341.152  4053347.021
P320 -2697996.588 -4125046.141  4034938.568
P321 -2697493.354 -4091747.663  4069964.070
P322 -2679894.894 -4098042.075  4075685.673
P324 -2701575.526 -4057628.129  4100120.034
P325 -2681660.489 -3993349.478  4175722.533
P326 -2692228.564 -4036989.139  4127536.391
P327 -2686971.278 -4048343.984  4119035.521
P329 -2694250.010 -4077978.461  4085640.537
P330 -2662465.390 -4078674.009  4106554.879
P331 -2659615.693 -4045161.767  4140999.222
P332 -2656058.701 -4062827.165  4124742.542
P333 -2678514.959 -4128374.207  4046974.218
P334 -2666064.523 -4147108.018  4035985.887
P335 -2667211.225 -4127042.602  4056074.771
P336 -2641933.435 -4158128.544  4037891.062
P337 -2644342.675 -4092414.667  4103896.242
P338 -2630296.654 -4062237.961  4141663.467
P339 -2640046.574 -4117311.362  4081516.252
P340 -2691539.464 -4136726.866  4028080.487
P341 -2611516.367 -4082430.360  4133331.932
P343 -2654205.818 -4035388.782  4154013.713
P344 -2597466.712 -4152302.712  4071985.735
P345 -2602011.981 -4120622.159  4101097.309
P346 -2518527.250 -4213579.763  4061802.120
P347 -2472679.163 -4123625.989  4178604.060
P348 -2546531.409 -4102655.429  4155593.252
P349 -2587828.435 -4090479.738  4140018.797
P350 -1947982.840 -4203706.158  4372245.851
P351 -1926555.293 -4184943.484  4399909.449
P352 -1881664.484 -4207286.074  4397726.341
P353 -1866480.047 -4196359.877  4413867.834
P354 -1864782.290 -4192515.393  4418148.906
P355 -1842655.124 -4193292.045  4427102.055
P356 -1614060.278 -4319501.766  4394955.745
P357 -1832094.602 -4197113.444  4427810.023
P358 -1801745.174 -4195559.446  4441798.984
P359 -1701602.088 -4313253.817  4368006.710
P360 -1672054.999 -4255497.268  4434727.012
P361 -1664620.176 -4238963.393  4454725.168
P362 -2661638.994 -3912693.154  4263516.073
P363 -2622133.925 -3879573.798  4316167.244
P364 -2636256.582 -3848816.526  4334839.782
P365 -2612714.634 -3836783.806  4359552.874
P366 -2585194.367 -3835654.006  4377530.453
P367 -2548424.727 -3769450.808  4454655.781
P368 -2591421.576 -3932572.368  4287219.149
P369 -2568046.380 -3890292.342  4339002.046
P370 -2554026.190 -3984975.495  4261717.853
P371 -2533896.617 -3893239.392  4357753.073
P372 -2053528.252 -3986887.577  4521728.214
P373 -2541274.530 -3863828.452  4377942.930
P374 -2526135.471 -3803487.086  4438571.663
P375 -2502076.814 -3790712.087  4462933.679
P376 -2469807.094 -3788348.545  4482853.349
P377 -2493144.173 -3855723.152  4412354.446
P378 -2475699.980 -3822330.269  4450718.216
P379 -2454099.043 -3840756.816  4448467.353
P380 -2490381.407 -4019753.208  4267929.841
P381 -2333077.750 -4048870.378  4328715.030
P382 -2453287.481 -3961442.827  4342861.033
P383 -2436358.494 -3866293.715  4436268.777
P384 -2433302.908 -3822048.910  4475680.806
P385 -2414140.267 -3871571.256  4443506.126
P386 -2210941.504 -3993932.553  4440952.173
P387 -2394556.325 -3896183.167  4432423.909
P388 -2383366.801 -4065989.278  4285106.211
P389 -2347408.410 -3968718.980  4394008.433
P390 -2259209.510 -4087745.026  4331325.024
P391 -2250315.860 -4159706.790  4267813.446
P392 -2249062.830 -4057249.059  4364573.670
P393 -2177665.114 -4114275.468  4347366.142
P394 -2113295.988 -4008283.345  4475067.018
P395 -2515929.365 -3750099.658  4489136.288
P396 -2501062.144 -3732814.177  4511644.183
P397 -2450361.352 -3660421.898  4598088.756
P398 -2434871.977 -3621267.037  4636151.181
P399 -2393073.184 -3600097.441  4675208.292
P400 -2401650.043 -3585855.962  4680548.137
P401 -2428255.088 -3525611.521  4712227.085
P402 -2420718.114 -3547855.536  4699461.536
P403 -2396874.682 -3534734.490  4721722.097
P404 -2479375.251 -3761551.196  4499845.222
P405 -2475689.739 -3720045.591  4537215.410
P406 -2462331.798 -3769689.146  4502302.908
P407 -2479462.758 -3685519.920  4561735.029
P408 -2432874.524 -3692930.432  4580726.308
P409 -2439396.088 -3722187.724  4553877.474
P410 -2417597.793 -3711615.989  4573945.188
P411 -2447656.492 -3746485.066  4529487.310
P412 -2423865.831 -3791681.876  4504727.804
P413 -2129925.275 -3666995.756  4748853.753
P414 -2404438.242 -3746327.211  4552524.262
P415 -2435209.381 -3647322.135  4615588.301
P416 -2282029.040 -3709830.509  4645945.645
P417 -2411292.640 -3671130.997  4609469.665
P418 -2388748.161 -3621651.725  4659751.873
P419 -2378681.680 -3612049.935  4673368.106
P420 -2382952.500 -3688233.808  4610508.336
P421 -2357256.593 -3710256.625  4606277.249
P422 -1984677.790 -3898565.739  4627025.509
P423 -2356871.662 -3637429.341  4663564.068
P424 -2328795.052 -3603254.823  4703697.470
P425 -2387547.029 -3698308.598  4600105.547
P426 -2307009.052 -3619245.045  4702173.449
P427 -2398596.747 -3788254.026  4521132.963
P429 -2357536.702 -3790878.791  4540186.492
P430 -2400948.890 -3636225.668  4642052.934
P431 -2327362.127 -3726228.446  4610225.451
P432 -2304926.568 -3734438.202  4613302.238
P433 -2268682.978 -3949823.728  4451277.589
P434 -2218639.424 -3681422.675  4698755.616
P435 -2357519.630 -3561380.578  4721517.933
P436 -2335147.803 -3577419.475  4720387.275
P437 -2294694.796 -3607621.410  4717020.102
P438 -2289286.214 -3570003.726  4747927.939
P439 -2291067.090 -3540189.608  4769196.170
P440 -2258661.962 -3546298.181  4780056.255
P441 -2234100.307 -3555992.836  4784510.142
P442 -2230149.290 -3622852.084  4736317.198
P443 -2198804.321 -3618451.869  4755403.920
P444 -2175327.760 -3610703.899  4771193.815
P445 -2280919.301 -3845747.746  4533795.617
P446 -2405279.814 -3719022.602  4574156.883
P447 -2220072.127 -3893759.523  4523128.157
P448 -2223172.840 -3849840.846  4558525.225
P449 -2184138.528 -3839940.162  4585410.427
P450 -2190407.794 -3864573.927  4561760.445
P451 -2123681.341 -3824707.933  4626280.099
P452 -2128890.219 -3764749.769  4672484.151
P453 -2066036.915 -3766595.752  4699391.017
P454 -2074429.484 -3743512.841  4713794.214
P455 -1761705.177 -4205603.700  4448561.722
P456 -1640155.288 -4223082.226  4478693.643
P457 -1638414.184 -4208252.395  4492187.494
P458 -1648424.209 -4227659.423  4470584.144
P459 -1635233.674 -4317077.501  4389410.691
P460 -1617668.811 -4207892.535  4499893.270
P461 -1591669.742 -4199218.662  4516199.173
P462 -2313834.240 -4614842.746  3735376.292
P463 -2358355.058 -4595829.862  3730988.362
P464 -2373746.752 -4577465.306  3742992.281
P465 -2422489.622 -4530744.552  3771699.927
P466 -2393287.130 -4541296.818  3777361.091
P467 -2415391.841 -4525408.509  3780016.166
P468 -2405438.941 -4501513.225  3816953.631
P469 -2382664.581 -4493276.515  3838959.473
P470 -2422555.721 -4674803.071  3589415.207
P471 -2460057.271 -4717506.546  3506174.952
P472 -2442692.031 -4772472.921  3443722.412
P473 -2434010.022 -4787435.762  3429261.966
P474 -2441765.890 -4741245.976  3487030.947
P475 -2460344.223 -4778294.524  3422858.379
P476 -2434573.336 -4739266.195  3494921.453
P477 -2426508.258 -4739083.955  3500778.138
P478 -2430481.552 -4755388.890  3476057.947
P479 -2399683.297 -4754083.107  3500319.986
P480 -2377285.120 -4799828.844  3451963.151
P481 -2353076.649 -4822215.414  3437739.578
P482 -2397277.445 -4772384.816  3476750.047
P483 -2393867.625 -4786841.078  3460210.333
P484 -2389556.425 -4767501.095  3489580.475
P485 -2376019.883 -4784564.278  3473691.888
P486 -2367334.315 -4785248.880  3478193.735
P487 -2356938.723 -4793505.160  3473845.477
P488 -2348535.649 -4798447.641  3472668.399
P489 -2348818.354 -4792076.022  3481623.786
P490 -2369758.430 -4768431.842  3503952.381
P491 -2350823.741 -4771862.876  3507240.716
P492 -2347689.700 -4819996.913  3443483.602
P493 -2333791.788 -4822331.505  3449851.909
P494 -2330983.297 -4836495.471  3431549.719
P495 -2314779.385 -4825178.639  3458093.673
P496 -2319722.588 -4842511.154  3430709.913
P497 -2315938.160 -4838711.880  3438545.196
P498 -2313650.535 -4835550.232  3444474.621
P499 -2304644.562 -4834411.719  3452021.061
P500 -2296231.407 -4857729.512  3425068.176
P501 -2299739.635 -4843695.396  3442364.115
P502 -2299003.320 -4836914.387  3452290.156
P503 -2325056.760 -4826758.436  3449209.160
P504 -2313936.982 -4793898.238  3501898.226
P505 -2309739.884 -4802072.413  3493258.448
P506 -2303870.462 -4827952.630  3461483.566
P507 -2309373.899 -4817357.477  3472494.839
P508 -2292701.445 -4822180.897  3476979.034
P509 -2290570.132 -4847069.858  3443766.540
P510 -2288218.848 -4831303.458  3467302.811
P511 -2264879.370 -4792232.803  3536194.702
P512 -2508198.122 -4398329.062  3867896.693
P513 -2669569.542 -4504986.041  3629597.623
P514 -2647253.931 -4510375.160  3638921.669
P515 -2638414.732 -4526005.178  3626260.479
P516 -2642151.518 -4506429.246  3647663.463
P517 -2489193.548 -4646691.715  3582087.186
P518 -2620978.429 -4525918.223  3640319.765
P519 -2614584.438 -4566717.995  3593465.661
P520 -2596904.196 -4568330.541  3604922.771
P521 -2604820.444 -4545446.376  3628711.200
P522 -2576130.508 -4546614.761  3646303.598
P523 -2672969.999 -4473241.862  3665507.737
P525 -2665004.843 -4469141.949  3676617.378
P526 -2662913.983 -4454741.721  3695682.880
P527 -2638359.691 -4460376.594  3706291.415
P528 -2647724.219 -4486800.162  3667811.125
P529 -2629075.431 -4489434.414  3678041.062
P530 -2632939.030 -4473334.790  3694658.545
P531 -2631819.746 -4461422.704  3709815.499
P532 -2616024.955 -4482709.272  3695555.548
P533 -2620445.180 -4471631.886  3705880.935
P534 -2718401.977 -4310470.210  3822941.348
P535 -2615936.153 -4512467.358  3659534.249
P536 -2608524.299 -4513542.415  3663632.942
P537 -2600237.732 -4515503.364  3666937.831
P538 -2607197.249 -4495389.551  3686626.898
P539 -2607161.384 -4482780.505  3701802.733
P540 -2599844.135 -4479443.593  3710561.192
P541 -2593314.826 -4491629.353  3700137.405
P542 -2616249.992 -4478501.912  3700554.824
P543 -2582627.766 -4525400.755  3667114.759
P544 -2571196.581 -4500841.675  3704047.321
P545 -2562672.927 -4522910.608  3683183.097
P546 -2597702.664 -4471394.180  3722089.648
P547 -2578059.332 -4481687.294  3722354.708
P548 -2592957.409 -4582299.229  3589899.169
P549 -2574696.481 -4583115.844  3602102.287
P550 -2555998.233 -4589465.011  3607781.173
P551 -2553163.244 -4576864.302  3625673.493
P552 -2612594.034 -4480793.447  3700354.247
P553 -2531679.509 -4590110.031  3623629.002
P554 -2530442.943 -4593731.934  3619635.631
P555 -2519033.589 -4606942.896  3610721.634
P556 -2506664.757 -4607979.910  3617523.593
P557 -2510627.810 -4594205.415  3633852.569
P558 -2501018.987 -4584973.103  3651264.845
P559 -2510437.905 -4601104.824  3623743.327
P560 -2504756.431 -4605350.105  3622134.985
P561 -2499515.317 -4622937.994  3603667.776
P562 -2471754.212 -4611976.571  3636954.605
P563 -2556186.894 -4532584.194  3675850.796
P564 -2544055.288 -4524309.589  3694296.890
P565 -2531324.759 -4522475.586  3705201.401
P566 -2512244.664 -4489741.199  3757304.071
P567 -2503386.911 -4562395.477  3676433.298
P568 -2458576.192 -4599379.647  3661693.223
P569 -2454606.642 -4592482.891  3672875.743
P570 -2456509.288 -4569864.682  3698741.083
P571 -2479181.733 -4515826.095  3749471.044
P572 -2482780.975 -4487437.462  3781254.359
P573 -2444059.027 -4546615.875  3737981.866
P574 -2447940.206 -4675739.351  3574392.551
P575 -2442148.258 -4682905.416  3567324.477
P576 -2669545.521 -4448142.516  3698666.298
P577 -2420976.978 -4686759.298  3574971.435
P578 -2611863.745 -4480606.636  3701013.166
P579 -2455163.580 -4616369.734  3641867.703
P580 -2372609.723 -4618139.990  3695056.879
P581 -2448465.516 -4657908.493  3593733.450
P582 -2430135.370 -4658542.035  3605038.322
P583 -2419314.819 -4638878.615  3637104.813
P584 -2402400.831 -4724830.321  3536976.366
P585 -2365440.563 -4734867.903  3548761.663
P586 -2411146.041 -4675408.349  3595935.628
P587 -2478485.396 -4655207.729  3577842.212
P588 -2402809.941 -4661824.575  3618747.847
P589 -2394900.580 -4677993.550  3603967.907
P590 -2401018.750 -4639017.128  3648862.165
P591 -2452572.318 -4609419.000  3652114.255
P592 -2392604.546 -4634944.686  3660120.042
P593 -2380402.548 -4630755.936  3673829.454
P594 -2380046.500 -4593510.645  3719463.107
P595 -2386904.327 -4604248.219  3701366.834
P596 -2336646.182 -4607868.844  3728280.983
P597 -2345289.098 -4625138.097  3702862.856
P598 -2374851.092 -4719757.766  3565668.797
P599 -2359391.325 -4724467.367  3567136.587
P600 -2341948.718 -4756978.171  3534541.703
P601 -2328633.945 -4757487.340  3543396.725
P602 -2609902.571 -4479243.446  3704216.941
P603 -2303391.333 -4716485.894  3612452.010
P604 -2349821.576 -4677904.197  3632460.743
P605 -2470846.080 -4659402.287  3579119.089
P606 -2380461.368 -4696283.382  3589311.558
P607 -2312828.358 -4779916.739  3523129.582
P608 -2294740.840 -4770973.100  3546255.900
P609 -2393521.902 -4719354.589  3553733.265
P610 -2289354.559 -4743418.498  3585694.919
P611 -2258909.693 -4704207.882  3657221.521
P612 -2423880.049 -4693061.506  3563958.079
P613 -2402538.820 -4705099.527  3565791.062
P614 -2238586.341 -4746425.232  3613733.378
P615 -2349747.805 -4659201.454  3657011.855
P616 -2434637.296 -4599523.077  3676971.895
P617 -2330817.128 -4660292.828  3667462.691
P618 -2297507.264 -4688980.639  3650901.877
P619 -2288164.321 -4666228.641  3685737.266
P620 -2282753.306 -4650446.643  3709289.394
P621 -2242827.784 -4692918.056  3681531.341
P622 -2236780.414 -4717900.181  3653542.374
P623 -2198633.965 -4802364.271  3563951.929
P625 -2211969.770 -4751127.998  3624063.681
P626 -2222743.553 -4715390.474  3665109.871
P627 -2393637.066 -4430907.214  3904531.817
P628 -2462224.027 -4396733.085  3901486.560
P629 -2475241.750 -4432669.385  3852279.505
P630 -2453621.330 -4426368.783  3873182.338
P631 -2447312.179 -4430384.078  3872454.720
P632 -2454401.086 -4412210.863  3888134.053
P633 -2446049.342 -4406803.681  3899279.196
P634 -2452723.623 -4420138.309  3880360.637
P635 -2456656.040 -4406860.353  3892898.025
P636 -2453322.806 -4399307.279  3903871.779
P637 -2449827.100 -4404418.348  3899175.141
P638 -2445141.122 -4421431.452  3883689.202
P639 -2441925.086 -4429254.576  3876588.723
P640 -2441147.282 -4411131.503  3897319.544
P641 -2433360.599 -4416780.551  3896332.509
P642 -2440091.182 -4435451.345  3871231.386
P643 -2431673.645 -4441880.384  3868275.284
P644 -2433263.620 -4447319.955  3863263.563
P645 -2424165.588 -4447442.219  3866420.456
P646 -2437332.310 -4429829.103  3878418.786
P647 -2430812.316 -4427539.970  3885292.112
P648 -2448846.811 -4414344.336  3889505.159
P649 -2423467.380 -4419915.811  3898317.366
P650 -2409918.635 -4428393.050  3897338.769
P651 -2407160.022 -4454367.232  3867921.325
P652 -2395725.816 -4460818.121  3871767.723
P653 -2408295.057 -4440763.747  3883561.219
P654 -2450157.503 -4393003.458  3911775.162
P655 -2558377.410 -4061639.825  4188068.334
P656 -2556008.813 -4059526.493  4192834.859
P657 -2561235.190 -4052436.094  4195398.025
P658 -2550207.209 -4051084.617  4203708.314
P659 -2544201.868 -4056958.589  4201508.006
P660 -2544074.125 -4060688.022  4197696.475
P661 -2559186.296 -4046250.468  4202020.150
P663 -2545581.936 -4049690.413  4208312.203
P664 -2539424.280 -4144628.046  4119763.592
P665 -2542130.174 -4144196.233  4118163.860
P666 -2541027.014 -4144222.506  4119036.845
P667 -2537548.965 -4146189.743  4118988.273
P668 -2535468.659 -4143499.358  4122406.873
P669 -2546218.883 -4138206.278  4120891.451
P670 -2542448.385 -4136378.068  4124853.923
P671 -2536690.034 -4151167.591  4113952.440
P672 -2492521.692 -4066319.793  4222697.340
P673 -2505140.436 -4069975.302  4212645.707
P674 -2495173.151 -4073349.766  4215099.446
P675 -1827676.172 -4365171.296  4264139.840
P676 -1654232.118 -4234595.309  4461633.949
P677 -1894528.318 -4281638.789  4318528.712
P678 -1797989.241 -4276295.782  4364902.727
P679 -1817532.001 -4218947.675  4412619.239
P680 -1638141.494 -4245617.944  4457303.222
P681 -1757344.742 -4214185.367  4441320.344
P682 -1681214.695 -4400930.499  4288555.105
P683 -1735471.548 -4353406.065  4314805.725
P684 -1683279.141 -4284105.441  4402799.847
P685 -1707335.725 -4262136.160  4414636.830
P686 -1651997.140 -4269035.818  4429706.175
P687 -2370655.751 -3742100.547  4573981.280
P688 -2361874.451 -3755800.629  4568411.538
P689 -2367973.387 -3737003.456  4580839.449
P690 -2357500.157 -3745114.717  4580622.320
P691 -2357389.811 -3739566.966  4583937.951
P692 -2355011.055 -3741980.648  4583623.792
P693 -2357031.168 -3742561.458  4582981.530
P694 -2351733.942 -3737102.887  4589567.954
P695 -2354988.111 -3744842.477  4582039.077
P696 -2354102.833 -3745258.862  4581577.007
P697 -2356356.442 -3745219.863  4581309.450
P698 -2355644.993 -3746409.657  4579687.559
P699 -2358026.334 -3744014.459  4581517.154
P700 -2359170.774 -3743782.330  4580077.551
P701 -2352874.028 -3745956.566  4581148.903
P702 -2362224.599 -3730086.554  4589305.174
P703 -2358995.005 -3746572.408  4577161.272
P705 -2365343.982 -3740072.584  4579411.528
P706 -1729743.173 -4171007.719  4492044.305
P707 -1689214.621 -4215405.219  4466808.376
P708 -1648550.744 -4309543.337  4393063.180
P709 -1583349.708 -4283564.464  4440968.897
P710 -1624730.611 -4292439.986  4417250.524
P711 -1619430.635 -4249531.184  4460108.877
P712 -1626037.701 -4220030.475  4485532.397
P713 -1602657.098 -4276546.064  4440792.303
P714 -1603591.945 -4233851.710  4480745.008
P715 -1562001.198 -4364935.195  4370080.621
P716 -1591276.846 -4253456.800  4466833.912
P717 -1551746.101 -4287283.591  4448322.077
P718 -1505836.370 -4281703.717  4469719.561
P719 -1670966.948 -4180036.745  4505639.031
P720 -1569799.871 -4242295.746  4484233.911
P721 -1545722.794 -4246365.054  4489155.641
P722 -1501537.226 -4223566.597  4524171.039
P723 -2440027.105 -4452228.224  3852968.426
P724 -2424698.363 -4454409.491  3857066.594
P725 -2527543.764 -4423070.909  3825466.996
P726 -2397782.786 -4481852.271  3843545.036
P727 -2423185.582 -4469130.605  3843218.802
P728 -1446125.140 -4737755.266  4009793.366
P729 -2566033.417 -4610997.087  3570622.660
P730 -2457631.735 -4118097.087  4193651.622
P731 -2432862.955 -4134674.579  4191141.520
P732 -2588767.364 -3853745.612  4359690.400
P733 -2664237.367 -3889083.702  4282088.249
P734 -2671432.097 -3917162.866  4252001.706
P735 -2573707.382 -3928396.279  4303453.253
P736 -2484699.680 -3994924.237  4294100.747
P737 -2529379.476 -3953614.973  4306129.132
P738 -2329401.296 -4090723.039  4291641.319
P739 -2208238.886 -4201542.634  4248175.742
P740 -2381383.500 -4756346.344  3510170.478
P741 -2377105.605 -4761277.795  3506406.275
P742 -2384663.618 -4761527.972  3500552.748
P744 -2310278.875 -4841771.517  3438045.433
P775   254957.131 -4852054.238  4118399.990
P776  1478719.870 -4388494.023  4371775.951
P777  -230304.190 -5180477.145  3701646.313
P778   380625.637 -5201629.080  3659995.511
P779   647471.891 -5177937.862  3656702.997
P780  2410921.174 -5565748.095  1966328.270
P781 -2607854.976 -4327945.984  3879055.745
P782 -2610094.773 -4481677.295  3700968.023
P783 -1765686.945 -4502095.972  4147461.169
P784 -2552051.026 -4018216.678  4232155.392
P786 -2659612.532 -3945890.456  4232890.295
P787 -2677916.533 -4356154.794  3799665.800
P788 -2672279.574 -4364393.067  3795071.032
P789 -2621718.323 -4455819.838  3723690.951
P790 -2625709.467 -4454834.760  3722153.759
P791 -2358507.161 -3822823.959  4515753.635
P792 -2350973.993 -3742418.426  4585001.695
P793 -2686980.090 -4048347.213  4119026.360
P794 -2669019.397 -4115625.973  4066182.979
P795 -2319120.396 -4723865.779  3593655.012
P796 -2255116.221 -4889626.254  3407129.515
P797 -2382781.255 -4759853.857  3504558.405
P798 -1650174.801 -4307705.109  4393456.328
P799 -2512124.095 -4664281.137  3539804.414
P800 -2512822.296 -4657256.877  3548439.776
P801 -1602656.894 -4276546.258  4440792.355
P802  -810033.018 -4318611.965  4608497.364
P803   -52647.853 -4412117.792  4590679.619
P804   538949.858 -5329692.157  3450661.005
P805   538943.094 -5329695.416  3450655.888
P806   538940.999 -5329691.152  3450662.990
P807  -843665.872 -5435915.991  3217955.475
P808 -2510830.024 -4601087.045  3623472.473
P809 -2531332.535 -4522470.656  3705201.851
P810 -2531327.737 -4522468.893  3705206.918
P811 -2452582.631 -4609412.923  3652114.797
P812 -2452574.686 -4609411.939  3652120.726
P813 -2066038.234 -3766587.632  4699396.662
P814 -2066029.194 -3766593.186  4699396.670
P815 -2428263.303 -3525605.878  4712227.081
P816 -2428262.759 -3525613.617  4712220.981
P817   972499.958 -4784765.119  4090602.851
PABH -2439933.825 -3589636.087  4657876.485
PADO  4388881.666   924567.838  4519588.963
PAEK -4800647.848   424048.696 -4164537.364
PAL2  1192672.264 -2450887.716 -5747096.034
PALA -4430351.382  4516199.281   808152.153
PALK  1022267.959  6244415.845   802113.472
PALM  1192672.264 -2450887.717 -5747096.036
PALX -2390673.957 -4887788.529  3319683.192
PAPE -5245799.056 -3081048.804 -1909174.971
PARA  3763751.685 -4365113.969 -2724404.410
PARC  1255992.596 -3622975.284 -5079719.113
PARK -4554255.449  2816652.448 -3454059.439
PARY   777084.740 -4423268.471  4513977.832
PATT  -540765.808 -5400118.706  3339605.906
PBAY -2839665.664 -1556460.194  5476536.610
PBHR -2691593.014 -4431697.187  3702106.690
PBJO  -944425.843  6307468.324   -70380.096
PBL1 -2703287.064 -4256585.499  3892573.665
PBLI  -821394.768  6319830.233   255195.077
PBOC -1839322.486 -1134440.748  5980782.114
PBPP -2464205.170 -4649642.299  3593555.104
PBR2  -295647.821  6240847.881  1278181.550
PBRI  -295636.000  6240848.862  1278178.700
PCK1   435550.998 -4411842.173  4570400.179
PCOL -2338411.555 -3660579.912  4654846.944
PDEL  4551595.847 -2186892.774  3883411.079
PDME -5765899.245  1507136.231 -2265007.288
PEA1 -2636083.388 -4429344.736  3745416.458
PEA2 -2636890.346 -4429249.618  3744782.295
PECE   179045.225  -455846.097 -6339479.758
PENC  4052449.114  1417681.490  4701407.323
PERL -2293867.371 -4563550.869  3809496.561
PERT -2368688.326  4881316.757 -3341794.683
PETP -3576239.808  1401003.626  5075177.325
PETS -3580828.357  1399698.305  5072184.986
PFAN  4253559.727   733545.356  4681453.232
PFLD -2288148.949 -3621986.641  4709436.617
PFR2 -2268130.501 -1448686.160  5763695.957
PFRR -2268130.502 -1448686.161  5763695.958
PG2R -5466132.611 -2526379.400  2097381.564
PGC5 -2327195.234 -3522532.658  4764828.711
PGF1 -5472203.289 -2515767.549  2094251.808
PGF4 -5467834.361 -2526278.816  2091029.605
PGF5 -5471145.019 -2518491.874  2092505.873
PGF6 -5473719.380 -2514933.455  2089368.499
PHIG -1347632.584   309888.887 -6208760.189
PHIN -2319195.189 -4545018.735  3816579.875
PHJX -2322647.479 -4858516.400  3406449.824
PHLB -2433417.492 -4636061.899  3631593.922
PICL   -11253.458 -3980586.803  4967210.319
PIE1 -1640917.196 -5014781.189  3575446.980
PIGT   -15723.053 -5141760.486  3761387.805
PIMO -3186293.410  5286624.503  1601158.413
PIN1 -2369511.123 -4761206.640  3511396.341
PIN2 -2369467.124 -4761231.190  3511396.846
PIRT    83816.851  -986289.479 -6281006.993
PIT1   868032.377 -4775164.938  4124897.820
PJZX -2353220.366 -4849769.097  3400273.694
PKDB -2627227.352 -4452757.011  3723620.783
PKMN  4643869.187  2203539.741  3763744.039
PKRD -2501961.965 -4659710.386  3553097.953
PKTN   602406.358 -4923544.223  3996328.995
PLO3 -2460296.350 -4778387.002  3422768.717
PLPX -2311536.891 -4923127.474  3322085.652
PLS1 -1758443.041 -3928486.006  4692499.711
PLSB -2624237.244 -4238643.468  3965079.079
PLTC -1240697.080 -4720547.486  4094380.623
PLTK   801889.069 -5488532.006  3137994.517
PLTX -2329625.620 -4899359.360  3343268.385
PLUZ  5425838.514 -1495299.738  2990874.426
PMAR -2415153.748 -3912490.588  4408976.529
PMHS -2500403.761 -4672296.602  3537481.862
PMOB -2410009.876 -4758711.820  3488034.167
PMTN -2450649.849 -4410747.409  3892150.970
PNB1  1651242.520 -4251054.533  4444083.460
PNE2   456660.048 -6261477.000  1121504.585
PNGM -5367942.412  3437432.411  -225885.420
PNR1  -359686.611 -4354226.290  4631706.879
POAL  3467519.438 -4300378.697 -3177517.458
POBG -2405931.983 -4737482.359  3518168.414
PODG   848233.820  4569944.527  4354924.522
POHN -5879158.077  2350293.144   767748.764
POIN -2257896.192 -4604901.916  3780581.444
POL2  1239970.795  4530790.188  4302578.893
POLV  3411556.917  2348464.258  4834397.046
POMM -2623159.694 -4457075.244  3721349.235
POR4  1541631.255 -4404556.609  4333256.717
PORE  4373761.412  1057724.330  4505121.764
POT3 -2586448.508 -1699182.993  5558410.790
POTB -2654638.331 -4258988.572  3923160.915
POTR -2407290.922 -4809162.733  3418784.689
POTS  3800689.304   882077.724  5028791.520
POUM -5755839.488  1647875.507 -2191801.783
POVE  2774265.571 -5662060.204  -959415.682
POZE  4279472.465  1363735.300  4513578.264
PPBF -2422873.229 -4718027.367  3531564.351
PPER  1553434.364 -3937464.343  4755122.573
PPT1 -2725253.739 -4295976.293  3833959.656
PPTE  3687624.383 -4620818.817 -2386880.076
PRAT  4518263.787   886377.077  4399019.602
PRCO  -684650.495 -5186967.866  3636211.815
PRDS -1659603.329 -3676725.797  4925493.412
PRDY -2331228.271 -3643913.906  4671390.028
PRE1  5066232.023  2719227.428 -2754392.271
PRE2  5066232.018  2719227.418 -2754392.270
PRPT  1085175.187 -2363614.221 -5804268.195
PSAP -2366366.134 -4747441.725  3529854.765
PSC1  1238380.546 -4390853.354  4443024.720
PSDM -2466734.084 -4677172.897  3555036.877
PSKI -1146063.189  6273134.000  -124353.898
PSTX -2377135.867 -4909589.680  3296071.322
PSU1  1017619.241 -4726563.004  4146418.870
PTAG -3184318.487  5291065.644  1590418.291
PTAL -2384054.225 -3422429.112  4809283.023
PTAX -2317888.029 -4869098.441  3396424.999
PTBB  3844059.633   709661.659  5023129.755
PTEX -2410066.345 -4829360.824  3387696.666
PTGV    26935.454 -5138873.625  3765246.132
PTLO  -918527.089  6311664.424    -6037.082
PTRB -2742441.646 -4219969.398  3905199.487
PTRF -2390981.973 -3490234.166  4757287.538
PTRO -2655040.789 -4258180.537  3923759.169
PTSG -2681055.999 -3936889.775  4227633.504
PUB1 -1242281.622 -4857538.356  3931360.257
PUC1 -1748713.490 -4601411.292  4044873.823
PUKE -5025588.587   152899.305 -3911975.619
PUPU -2288321.641 -3660930.764  4679864.469
PUR2  2358186.641 -5573607.049  2007106.634
PUR3  2358178.082 -5573619.590  2007084.238
PVE3 -2525525.113 -4670030.429  3522845.054
PVEP -2525524.043 -4670029.891  3522843.614
PVHS -2521924.404 -4669621.031  3526284.094
PVRS -2517804.713 -4672046.674  3525657.535
PWEL   870504.881 -4571872.974  4346729.121
PZCG -1736307.562 -4228097.665  4436436.714
QAAR  1279061.749 -1678302.434  5998840.329
QAQ1  2170941.712 -2251830.061  5539988.563
QCY2 -2665893.717 -4412795.151  3742695.742
QHTP -2486712.915 -4629001.611  3604537.712
QIKI  1069080.861 -2195214.249  5872519.148
QSEC   508716.519 -6264309.648  1082860.471
QUAD -2369026.735 -3342081.406  4872243.262
QUAR -4558539.689   818911.714 -4370553.431
QUI1  1272867.433 -6252772.020   -23801.548
QUI2  1272867.467 -6252772.046   -23801.541
QUIN -2517231.565 -4198594.903  4076531.136
RAAP -2422982.480 -4772396.639  3458101.741
RABT  5255617.511  -631745.323  3546322.859
RADF -5469247.393 -2500394.982  2125173.469
RAEG  4618483.690 -2166047.861  3816305.798
RAGG -2314403.166 -4713564.467  3609431.973
RAIL -2171785.534 -4519731.813  3930901.625
RALR  1020427.293 -5078471.589  3709120.583
RAMG  -631052.416    21517.160 -6326593.521
RAMO  4514721.407  3133508.134  3228025.075
RAMT -2420453.915 -4613541.641  3669399.001
RAPT -2518376.767 -4460528.053  3787683.733
RBAY  4739765.756  2970758.671 -3054077.353
RBRU -2544781.272 -4438287.108  3796046.518
RBUT -1797279.179 -4491525.874  4145132.453
RCA2 -2609202.982 -4570710.986  3592958.386
RCHY  2854496.882 -5403334.413  1821562.480
RCM5   961334.445 -5674074.128  2740535.226
RCMN  5101056.427  3829074.620  -135015.979
RDJH -2793460.802 -1435320.766  5534332.357
RDMT -2354751.933 -4697273.953  3606453.552
RDOM -2443476.753 -4426725.391  3878614.548
RDSD  2078678.944 -5683737.209  2006887.003
RDSO -2803839.928 -1444386.425  5526927.837
RDWB -2803495.920 -1438103.144  5528829.598
RECF  5176588.565 -3618162.231  -887363.577
RED1  1227007.922 -4768508.656  4040548.568
REDC -2807312.671 -1444347.836  5524627.993
REDM -2366949.810 -3916333.596  4429450.934
REDU  4091423.063   368380.949  4863180.008
REED -2589821.075 -3824028.285  4384124.566
REGI  4736927.842  1372611.758  4031562.773
RELA -2288700.287 -4579550.082  3792622.034
REP2 -2278350.711 -4575997.791  3804123.581
REP3 -2278311.272 -4575955.122  3804196.452
REP4 -2277906.624 -4575550.660  3804882.301
REPO -2278355.106 -4576002.683  3804115.788
RESO  -144108.031 -1683119.880  6129763.360
REUN  3364098.854  4907944.745 -2293466.627
REYK  2587383.871 -1043033.614  5716564.223
REYZ  2587383.182 -1043032.795  5716564.638
RG03 -1389664.574 -5131034.279  3515500.413
RG11 -1395932.598 -4939997.246  3776316.645
RG25 -1656903.417 -5030212.132  3546405.230
RG26 -1415546.009 -4691848.432  4071603.392
RGAO  1859437.157 -4941658.090 -3570313.295
RGDG  1429870.501 -3495334.885 -5122722.928
RHCG -2486229.216 -4673288.635  3546719.103
RHCL -2486682.753 -4671619.779  3548297.423
RIBA  4641874.709  2198523.693  3768942.351
RIC1  1102093.631 -4942503.119  3864934.756
RIGA  3183898.819  1421478.795  5322810.969
RINK  1254672.096 -1549057.639  6039712.457
RIO2  1429907.926 -3495354.996 -5122698.493
RIOB  2373576.751 -5817088.430 -1096515.471
RIOG  1429907.957 -3495355.008 -5122698.529
RIOP  1255144.953 -6253609.430  -182569.638
RIPA -4943035.334   302977.382 -4007044.136
RIS1   -18690.124 -4746210.002  4246762.132
RKMG -2462591.236 -4708614.199  3516632.552
RLAP    58660.903 -5134603.990  3770670.512
RMBO   273535.618  -625915.852 -6320974.049
RMLS  1624925.822 -4636615.911 -4054888.190
RMVJ -2463395.162 -4721001.926  3499097.278
RNCH -2627525.384 -4456235.101  3719700.939
RNO1 -2454846.553 -4271555.077  4039524.479
ROAP  5105509.539  -555200.290  3769790.476
ROB4 -1374250.508   415169.401 -6193596.509
ROBE  4848591.380  4072218.386   784885.373
ROBN  1361442.461 -2306171.208 -5769323.832
ROCH -2382183.968 -4755084.550  3511367.989
ROCK -2533220.726 -4631542.917  3568400.796
ROCP -2678358.574 -4275808.935  3889723.732
ROGE -2346799.470 -4588916.629  3749505.532
ROSS   182045.816 -4202529.942  4778520.360
ROTH   909246.348 -2264764.210 -5873056.297
ROVE  4364680.272   851737.224  4557205.183
ROXY -2132858.854 -4644857.138  3803509.814
RPT1 -2316418.003 -3653646.059  4671031.691
RSTP -2475099.141 -4617408.402  3626913.677
RSVY -2565016.385 -4592484.265  3596642.882
RTHS -2429709.752 -4696742.882  3554824.863
RUBY -2059033.014 -4391007.602  4131473.289
RUMP -2247120.764 -4634252.740  3752047.940
RUNG -2261786.713 -4855275.856  3451447.900
RWDN  -903473.742 -4802868.964  4085854.516
RWSN  1956973.535 -4217335.527 -4351745.308
RYAN -2308336.567 -4599595.412  3757289.016
RYMD -2433982.543 -3645409.390  4617738.369
S300 -2645887.649 -4307855.507  3876512.135
SA60 -1289815.108 -4722738.466  4077329.252
SA62 -1267782.533 -4683142.807  4128804.654
SA63 -2227875.366 -4889593.132  3424997.009
SACH -1141586.898 -1615315.934  6043418.367
SACY -2483934.573 -4692210.283  3522794.585
SAG1   496374.463 -4597431.509  4378421.316
SAG2   496378.113 -4597452.124  4378399.302
SAGA  2486243.684 -5873685.340   -15906.519
SAJU   469761.411 -6263059.386  1107572.245
SAL1  -437219.236 -5188678.500  3671226.835
SALU  4566947.830 -4443098.572  -286674.481
SAMO -6129702.490  -890028.142 -1516806.575
SAMP  -964465.218  6291996.384   400195.408
SAN0   897071.844 -6161037.629  1380145.028
SANT  1769693.555 -5044574.331 -3468320.831
SAOB -2669035.879 -4364494.807  3796776.009
SASK -1106130.073 -3758704.919  5016675.413
SASS  3606145.735   875303.667  5170194.133
SATS -2409322.957 -3634404.889  4639154.261
SAV1   780717.818 -5349232.708  3373459.812
SAV2   780692.916 -5349229.360  3373470.978
SAVO  4870283.740 -3864605.404 -1418872.302
SAWC -2447329.423 -4423622.174  3879755.790
SBCC -2470209.697 -4712749.050  3505283.996
SBGZ  4180930.596   973735.818  4703203.738
SBOK  5279492.090  1703114.636 -3139092.701
SBR5 -2648775.689 -4546071.371  3593300.241
SBRB -2708753.241 -4266526.271  3877953.294
SBRN -2708736.464 -4266565.642  3877939.672
SC00 -2228844.782 -3750131.837  4638903.286
SC01 -1543919.021 -5060497.731  3553867.767
SC02 -2304501.711 -3547589.405  4757288.496
SC03 -2381864.705 -3570680.539  4704701.901
SC04 -2329982.586 -3493115.818  4784959.608
SCBY   547956.222  -933731.045  6265058.526
SCCP -2679670.199 -4288024.058  3875177.099
SCH2  1448636.436 -3385243.838  5191047.330
SCIA -2417842.524 -4666822.154  3602580.916
SCIP -2556588.295 -4711013.139  3446241.918
SCMS -2471060.560 -4719764.637  3495179.288
SCOA  4639940.431  -136224.817  4359552.498
SCOR  1982095.642  -798821.041  5989464.712
SCRZ  2743005.918 -5420745.297 -1937116.922
SCUB  1474537.968 -5811243.252  2168958.911
SDHL -2336821.944 -4732586.636  3570332.292
SDLY  -837137.448 -1153297.136 -6198198.930
SEAI -2295750.446 -3637657.263  4693516.333
SEAS -2477592.029 -3683930.668  4564020.688
SEAT -2300593.804 -3637846.978  4691079.079
SEAW -2295750.466 -3637657.228  4693516.289
SEDR -2256869.847 -3580542.205  4755507.981
SEKC  3266285.107  3524199.954  4181325.341
SELD -2862121.950 -1540663.886  5469360.310
SELE  1046790.011  4540257.164  4342920.850
SENU  2104290.313 -2267763.547  5559681.282
SEY1  3602870.149  5238174.755  -516275.175
SEY2  3602867.134  5238179.531  -516267.959
SEYG  3597835.769  5240884.199  -516780.887
SFDM -2532677.015 -4615598.355  3588781.548
SFEL  4396375.928   957869.809  4505424.576
SFER  5105518.846  -555145.506  3769803.672
SG01  -667801.193 -5082861.127  3782390.919
SG03   595354.972 -4856629.650  4077991.930
SG04  -643954.110 -5050568.791  3829291.843
SG05   917687.573 -5557048.680  2982882.409
SG06  1401154.909 -4618977.626  4155283.282
SG08  -572182.831 -5078680.312  3803496.017
SG09  -740324.900 -5084458.541  3766986.769
SG10  -736192.188 -5054837.875  3807074.723
SG11  -821443.898 -5011390.397  3847102.261
SG13  -657204.087 -4981746.974  3915715.473
SG15  -489205.839 -4994912.846  3923307.610
SG16  -546337.927 -5044920.050  3851515.231
SG18  -747464.483 -5184536.970  3627493.468
SG19  -812732.068 -5144254.164  3670362.293
SG21  -959340.731 -5930616.735  2141522.673
SG23   258989.880 -4854551.042  4115215.964
SG25   335287.982 -4662651.425  4324836.103
SG26 -3047514.927  4050725.797  3858384.508
SG27 -1880319.467  -813284.236  6019923.850
SG32  -608559.394 -5460824.122  3228077.531
SG33 -1542319.070 -5204676.913  3339687.106
SG41  -740261.478 -5036086.187  3830999.312
SG42  -695576.863 -5064738.569  3801546.976
SG44  -599867.443 -5060215.249  3823797.907
SG46  -674315.074 -5114337.662  3738880.852
SG47  -709731.060 -5096776.042  3756230.473
SG48  -735573.743 -5121536.289  3717604.581
SG72  -677634.723 -5171394.105  3659521.571
SGDM -2467932.437 -4668655.431  3565570.013
SGHS -2491357.752 -4664138.205  3554637.239
SGPS -2380618.050 -4734219.125  3538665.470
SHAO -2831734.150  4675665.685  3275369.181
SHE2  1899507.637 -3991722.374  4582242.950
SHEE  3983074.055    51683.526  4964640.037
SHIN -2442114.876 -4191757.308  4128991.975
SHK1  1338340.824 -4670918.176  4117936.326
SHLD -2307793.296 -4160682.136  4235699.984
SHN5 -2620867.552 -4476631.822  3699065.931
SHOS -2289859.991 -4633385.711  3725960.919
SHP5 -2659360.934 -4483991.557  3662249.756
SHPM -1680006.850 -4187168.684  4496961.567
SHRC -2448846.179 -4427739.002  3873991.978
SIBE -2304715.389 -4722106.141  3603849.329
SIBY   557185.170 -4701542.812  4259733.456
SIDN   494660.215 -4845524.045  4104513.598
SILK -2503548.905 -4656625.512  3555959.747
SIMM -2604058.664 -4510760.137  3670045.111
SIMO  5010435.886  1670595.043 -3563732.211
SIO2 -2455540.316 -4767223.320  3441629.504
SIO3 -2455457.396 -4767479.885  3441384.076
SIO5 -2456115.675 -4768905.277  3439232.702
SJB5 -2675668.503 -4352685.380  3805150.317
SJDV  4433469.566   362673.211  4556211.942
SKE0  2534030.591   975174.840  5752078.869
SKUL -2260889.766 -4592583.975  3794201.328
SKYB -2511147.558 -4629073.741  3586973.174
SLAC -2703116.434 -4291766.645  3854248.137
SLAI  -306731.910 -4744691.801  4237584.565
SLCU -1808865.864 -4487249.141  4144129.976
SLHG -2363469.745 -4791785.898  3471952.997
SLI4 -2463119.806 -4286215.410  4021210.690
SLID -2463119.811 -4286215.386  4021210.657
SLMS -2337607.214 -4797512.148  3481069.749
SLN5 -2686454.826 -4361100.706  3787810.923
SLOM  4510550.602  3075023.625  3287611.689
SMAI -2308604.834 -3645500.933  4681351.459
SMEL -1915782.334 -4547480.189  4029833.108
SMST -3822373.339  3699359.977  3507585.735
SMYC -2222991.779 -4642343.427  3758340.923
SNFD   978157.876 -5107368.347  3680831.212
SNHS -2481345.733 -4680788.246  3539799.065
SNI1 -2631347.429 -4646278.007  3477113.803
SNOG -2387133.648 -4724124.334  3550979.547
SNRS -2290525.194 -3716854.545  4636701.379
SOD3  2200149.073  1091650.958  5866868.760
SODA  2200146.329  1091638.599  5866871.059
SODB -2691487.201 -4319764.020  3832721.361
SOFI  4319371.729  1868688.168  4292064.115
SOL1  1173608.429 -4871160.844  3933263.167
SOLA  3992081.236  4192182.416  2670424.368
SOLO -5911340.080  2156887.991 -1038663.407
SOMT -2561925.327 -4609620.304  3576074.998
SONG -2466718.908 -4726378.153  3489296.002
SOWR   368375.461 -4715980.884  4264370.421
SPCG -2713291.112 -1441321.610  5572180.530
SPCP -2718973.328 -1436252.821  5571055.345
SPED  2138652.391 -5661444.552  2006842.785
SPIC -1861931.333 -4579082.614  4019737.173
SPIT -2840877.934 -1547161.309  5478531.715
SPK1 -2535992.458 -4642434.467  3552148.532
SPKN -1988859.336 -3820142.857  4689588.364
SPMS -2472983.595 -4680766.520  3545886.962
SPMX -2352721.735 -4940154.929  3271598.897
SPN1 -1987738.111 -3830855.961  4681407.061
SPT0  3328984.238   761910.575  5369033.923
SRB1 -2691237.880 -4262556.113  3894478.880
SRJV  4370292.613  1454980.520  4397965.564
SRMP  1094652.233 -1528639.778  6074674.640
SROD  1924568.639 -5699372.316  2113052.558
SRP1 -2015277.912 -4931448.455  3495930.320
SRS1 -2651739.732 -4580896.107  3546883.754
SSHO -2299721.286 -3635668.143  4693221.844
SSIA    95567.131 -6197785.554  1500590.626
STAS  3275753.337   321111.332  5445042.281
STAY -2455841.014 -3807673.894  4474103.708
STB1   212435.231 -4528758.923  4471353.741
STEA -2451598.587 -4266272.556  4047027.551
STEP -5477956.366 -2487817.580  2120548.749
STEW    42431.502  -646910.473 -6325424.798
STHL  6104817.302  -605827.672 -1740738.578
STJ3  2612588.417 -3426820.660  4686773.878
STJO  2612630.714 -3426807.063  4686758.060
STK2 -3642161.526  2861487.876  4370351.185
STKR   678450.053 -4893798.294  4020496.696
STL3    21017.986 -4990461.914  3958770.784
STLE    12827.939 -5160193.907  3736231.980
STP1  -151856.322 -4569681.833  4432570.917
STR1 -4467103.415  2683039.482 -3666948.481
STR2 -4467075.469  2683011.856 -3667006.781
STRI -2273528.858 -4592506.468  3786437.824
STRL  1075999.313 -4846965.367  3990386.470
STVI  2561887.208 -5487593.599  1994143.320
SUAA -2700404.521 -4292605.124  3855137.590
SULP  3765296.609  1677559.529  4851297.600
SUM1 -1135734.210 -5117987.996  3622616.661
SUMK  1262670.241  4402617.591  4425403.881
SUP1   119021.975 -4376595.034  4622818.307
SUP2   227622.793 -4452600.451  4545971.457
SUP3   345351.236 -4400681.078  4588713.777
SUTB -2609623.530 -4205514.276  4010439.682
SUTH  5041274.926  1916054.558 -3397075.610
SUTM  5041190.292  1916067.543 -3397189.073
SUTV  5041274.928  1916054.558 -3397075.602
SUUR  2959056.558  1341058.983  5470427.175
SUWN -3062023.464  4055447.733  3841818.064
SVIC -2399139.700 -3953149.673  4380686.430
SVIN -2704640.824 -4241134.174  3908328.585
SVTL  2730154.967  1562365.024  5529989.440
SWEP -2715115.721 -4268828.885  3871604.193
SWNB -2404924.708 -3946796.955  4382933.588
SYCN  1120762.624 -4526556.551  4336957.268
SYDN -4648241.068  2560636.438 -3526317.520
SYNG -2633241.097 -4548146.184  3602184.441
SYOG  1766207.963  1460290.307 -5932297.655
T3RP -2713420.321 -4244772.711  3899583.963
TABL -2448550.539 -4668098.760  3582741.157
TABV -2448550.537 -4668098.755  3582741.153
TAEJ -3120423.691  4086355.108  3761769.342
TAFT -2569610.178 -4544514.179  3652245.230
TAH1 -5246404.810 -3077284.219 -1913838.598
TAH2 -5246404.805 -3077284.217 -1913838.596
TAIW -3024782.921  4928936.286  2681233.946
TAKL -5089176.217   465847.567 -3803541.115
TAMP  -807922.826 -5849358.253  2402967.623
TASH  1695944.648  4487138.717  4190140.779
TATE -2284024.848 -4566211.310  3812106.525
TAUP -4969936.971   340472.470 -3970346.594
TBLP -2614188.568 -4462851.208  3721324.057
TCMS -2982783.590  4966659.838  2658809.220
TCUN -1229663.400 -5079280.262  3646289.481
TDOU  5064840.774  2969624.764 -2485109.763
TEHA -2489431.285 -4590731.158  3651532.709
TEHN  3240498.720  4049740.503  3701663.406
TELA  4443534.943  3086141.169  3366854.615
TERS  3798580.302   346994.408  5094781.201
TERU  4867391.251   -95523.216  4108341.763
TETN  5171749.374  -485505.698  3688771.266
TEZI  5519081.560  2693712.132 -1720051.579
TFNO -2451194.690 -3385217.341  4801784.794
TGCV  5624175.673 -2385323.178  1826874.079
THAL -2685244.297 -4308073.965  3848473.035
THCP -2484731.664 -4592622.110  3653179.909
THIO -5761811.823  1413597.361 -2334211.642
THMG -2336318.957 -4773816.386  3514273.498
THMS -2479002.593 -4708457.468  3505028.642
THSU  -515950.163 -5519969.821  3142874.192
THTG -5246415.579 -3077260.261 -1913841.568
THTI -5246416.400 -3077258.946 -1913841.505
THU1   538980.783 -1388714.913  6181005.239
THU2   538093.083 -1389088.148  6180979.387
THU3   538093.079 -1389088.158  6180979.402
THUN -2323250.309 -3676656.763  4649885.946
THUR  -252678.639 -1903979.245 -6061906.990
TIBB -2704027.267 -4253049.577  3895879.440
TID1 -4460997.180  2682557.088 -3674442.366
TID2 -4460997.190  2682557.095 -3674442.378
TIDB -4460997.180  2682557.089 -3674442.365
TIFF   574287.307 -4780914.233  4168842.232
TIKU -1101409.423  6282181.263   -44132.744
TILC -2442573.582 -4431501.669  3873345.804
TILL -2495138.322 -3722866.733  4522969.070
TITZ  3993780.304   450207.075  4936137.114
TIVA -2256689.627 -4580202.230  3812838.566
TIXI -1264873.618  1569455.742  6031003.369
TIXJ -1264873.513  1569457.203  6031003.076
TJRN -2642144.819 -4551973.052  3590870.265
TLKA -2584623.074 -1467059.127  5624677.625
TLSE  4627851.579   119640.422  4372993.795
TMAP -2343467.209 -4770861.301  3513350.388
TMBU -2393258.364 -3960380.869  4377349.236
TMCO  1488032.851 -4752308.230 -3972075.043
TMGO -1283388.075 -4713015.441  4090190.242
TNML -2982779.774  4966662.364  2658805.486
TOIY -2240595.927 -4388057.902  4040378.919
TOMO  -654950.194 -1426461.770 -6162461.885
TONG -5930303.481  -500149.270 -2286366.303
TONO -2296771.632 -4472097.149  3915214.191
TOPL  4174345.577 -4690236.808 -1118921.110
TOR2  3010733.357  1498577.288  5401387.670
TORI  4472544.072   601634.737  4492545.445
TORP -2517895.070 -4670259.386  3527827.893
TORS  2979075.374  -353361.993  5609835.003
TOST -2545682.403 -4623566.767  3569370.067
TOUL  4627845.767   119629.741  4373000.064
TOUO -5483823.019 -2475723.544  2116900.727
TOW2 -5054583.583  3275504.024 -2091538.155
TPW2 -2457743.189 -3675721.572  4581218.646
TRAB  3705249.881  3084421.982  4162044.988
TRAK -2480029.860 -4703110.246  3511298.893
TRCP -2712686.829 -4239123.929  3905352.761
TRDS  2820170.519   513486.298  5678936.191
TREV  4363380.254   947904.570  4539266.274
TRLK -2597547.998 -4352476.962  3858627.805
TRND -2703982.103 -3986137.115  4166989.129
TRNG -5040272.778   329395.893 -3881772.599
TRO1  2102928.119   721619.661  5958196.428
TROM  2102939.827   721569.660  5958192.331
TROY -2341103.713 -4689264.722  3623535.219
TSEA -2666155.589 -1545828.391  5565470.200
TSEP -2356706.075 -3743736.599  4582182.057
TSK2 -3957184.987  3310231.014  3737703.810
TSKB -3957200.105  3310199.011  3737711.486
TSTU -2356994.380 -3739359.066  4584399.373
TSWY -1626071.569 -4326671.078  4383484.476
TTTA -5745727.304  1409489.700 -2375625.208
TUBI  4211316.989  2377866.179  4144663.455
TUC2  4744543.839  2119412.106  3686258.626
TUCU  2386117.238 -5171223.304 -2862948.886
TUKT -1532091.736 -1643291.802  5949315.799
TUNG -2303208.038 -4285131.623  4113097.361
TUVA -6307543.824    88455.744  -939277.401
TWHL -2367782.213 -3656831.579  4643048.924
TWIW -2353892.990 -3743895.752  4582832.885
TWMS -2463491.695 -4687184.915  3544029.574
TWRI -2358172.680 -3742986.028  4581995.435
TWTF -2994428.822  4951308.994  2674496.604
TXC1  -393567.490 -5410741.475  3342930.518
UACO -5745888.605  1596724.439 -2254494.504
UCD1 -2628826.803 -4247931.962  3952176.505
UCLP -2519007.747 -4650671.845  3552863.020
UCLU -2440669.195 -3416437.129  4785136.778
UCOM -1499330.876 -5838862.129  2076330.538
UCSB -2621293.863 -4568930.446  3584357.059
UCSF -2709557.404 -4260015.387  3884773.463
UDEC  1537191.266 -4829689.064 -3859233.048
UEPP  3687624.348 -4620818.771 -2386880.036
UFDA -2318802.051 -3616427.329  4698662.579
UFPR  3763751.692 -4365113.985 -2724404.425
UH01  -516437.709 -5519478.263  3143700.151
ULAB -1257409.164  4099404.308  4707992.523
ULDI  4796675.116  2930311.547 -3005434.011
ULUB  5543941.271  2884141.095 -1277658.035
UMLH  -591180.463  6325935.455   558033.321
UNB1  1761287.846 -4078238.713  4561418.047
UNBJ  1761287.772 -4078238.529  4561417.835
UNFE  4438219.299   910967.818  4474249.265
UNIV   462323.199 -4703239.114  4269305.470
UNPG  4555145.399   997822.809  4337432.994
UNPM   325739.058 -5953361.799  2257796.992
UNSA  2412830.508 -5271936.801 -2652208.810
UNTR  4590764.129  1032367.213  4291666.731
UPAD  4389530.753   923254.143  4519256.671
UPO1 -5464032.118 -2446030.832  2193283.965
UPSA -2370480.374 -4311480.684  4046969.776
UPTC   856680.159 -4697260.576  4215103.941
URIL  1516051.586 -4538296.773  4203281.842
URUM   193029.974  4606851.255  4393311.520
USAL  4627541.525  1513541.369  4106448.564
USC1 -2507565.404 -4659952.749  3548661.246
USGC -2353663.218 -4807537.288  3456827.360
USLO -2657201.698 -4482166.734  3666227.541
USMX -1865330.638 -5215100.144  3153548.136
USN3  1112161.962 -4842854.681  3985497.100
USN7  1112161.968 -4842854.672  3985497.093
USN8  1112161.969 -4842854.674  3985497.094
USN9  1112161.968 -4842854.672  3985497.094
USNA  1160668.508 -4826883.363  3990863.138
USNO  1112189.455 -4842955.031  3985352.316
USUD -3855263.500  3427432.127  3741020.350
UVFM   988330.411 -4943276.268  3895144.852
UZHL  3907587.068  1602429.043  4763783.946
VA01  1044760.360 -4921439.217  3907310.286
VA02  1048349.776 -4926226.827  3900277.730
VAAS  2699864.034  1078264.307  5658065.193
VABG   643980.502 -5069331.003  3804939.339
VACS  3215946.832  5047449.842 -2198718.098
VALD   919075.466 -4167766.393  4724323.693
VALE  4929533.594   -29049.998  4033710.416
VALP  1687310.691 -5079964.469 -3456508.769
VAN1 -2665275.828 -4513291.840  3622150.518
VAN2 -2665264.079 -4513310.624  3622136.600
VANU -5950766.370  1230705.046 -1931444.969
VARS  1844606.910  1109719.416  5983936.303
VBCA  2319240.788 -4411744.102 -3966483.892
VCAP  1369549.918 -4365534.912  4429096.813
VCIO  -826818.407 -5095172.249  3734993.142
VCST -2579272.455 -4561845.290  3624822.671
VCVL -2648499.324 -4247231.303  3939860.366
VDCY -2497836.995 -4654542.874  3563029.116
VENE  4379724.383   957496.254  4521605.492
VERA   560281.010 -6239744.218  1193120.008
VESL  2009329.993   -99741.492 -6033158.358
VFDG  1871345.289 -1072495.035  5983619.797
VGFW -4932145.470   383604.998 -4015588.247
VGOB -4935261.031   384752.686 -4010267.211
VGWN -4927036.854   379301.111 -4021449.204
VIC1   -86596.546 -5393806.187  3391546.610
VIL0  2620258.299   779138.407  5743799.784
VILL  4849833.500  -335048.620  4116015.195
VIMT -2523363.716 -4644669.655  3558376.879
VINE -2344508.719 -4530092.184  3817375.577
VINZ -2532199.275 -4579698.179  3634667.491
VIS0  3246469.924  1077900.829  5365278.310
VLCN   807851.340 -6253259.874   967905.034
VLNS  3343600.211  1580418.043  5179337.459
VMAG  1645502.131 -6076283.009  1022483.575
VNAD  1163306.103 -2412230.497 -5769267.167
VNCO -2577030.803 -4603941.969  3571779.599
VNCX -2515892.970 -4636680.160  3573547.584
VNDP -2678090.765 -4525436.672  3597432.119
VNPS -2480529.085 -4641490.917  3592972.333
VOLT  4390692.074   926138.729  4517506.564
VONS -2297741.735 -4583901.086  3781750.699
VTIS -2517409.738 -4676543.509  3520010.594
VTOR -2440868.483 -4750804.865  3475069.786
VYAS -2483507.768 -4672361.339  3549320.858
WAB2  4327318.110   566956.108  4636426.027
WACO -2437363.913 -3754569.662  4528306.867
WAIM -4488354.027   717287.564 -4460946.494
WAKA -4556546.696   812850.242 -4375700.858
WANG -4888073.840   443004.834 -4060014.866
WARK -5115333.629   477886.867 -3767146.923
WARN  3658785.472   784471.205  5147870.787
WASG -2478358.049 -4553761.569  3705740.841
WASR  1163325.537 -5062601.941  3688540.729
WATC -2424992.643 -4437814.514  3877462.408
WCHS -2476021.159 -4674196.783  3552192.803
WDBN -2444574.257 -3783070.354  4500783.524
WDCB -2609477.687 -4089653.025  4127288.262
WDLM  -431415.181 -4522955.630  4461724.442
WEL1 -4780788.221   436877.758 -4185259.030
WEL2 -4780788.219   436877.769 -4185259.040
WES2  1492232.920 -4458089.516  4296046.125
WETT  4075578.050   931853.224  4801570.319
WGPP -2534264.339 -4575004.053  3639054.739
WGTN -4777269.984   434270.704 -4189483.823
WGTT -4779508.579   436517.901 -4186740.411
WHC1 -2488199.838 -4673486.668  3544649.472
WHD1 -2295685.231 -3576426.424  4740082.851
WHIT -2218338.309 -2201205.130  5543057.450
WHN1 -1081786.174 -4566030.141  4306992.080
WHNG -5153431.036   513057.467 -3710655.310
WHTM  -202656.414  -789684.757 -6306974.166
WHYT -2465333.756 -4707048.074  3516604.115
WIDC -2354850.578 -4745523.765  3540693.158
WIFR -2421120.858 -3902193.977  4414216.295
WIKR -2489773.750 -1384526.131  5688747.641
WIL1  1159634.768 -4656342.343  4188203.378
WILL -2084258.511 -3313873.008  5019852.923
WILN   181587.157 -1091903.150 -6260971.056
WIN2 -2689815.203 -4281184.964  3874975.023
WIND  5633708.803  1732018.156 -2433985.407
WINT -2689810.496 -4281187.437  3874973.656
WIS1  -154082.882 -4379009.182  4619457.496
WKPK -2528708.501 -4610844.284  3599237.749
WLCI   248645.367 -4828261.288  4146460.056
WLCT    23509.634  -516265.548 -6337707.504
WLSN -2483641.459 -4660072.445  3568172.372
WLWY -1576769.101 -4265613.014  4460789.942
WMAP -2511186.285 -4641572.929  3570418.028
WMDG -2311038.008 -4827421.833  3457479.624
WMOK  -801020.750 -5185936.385  3614276.137
WNCI   -40910.640 -4916498.614  4049479.295
WNFL  -263064.057 -5413758.629  3350797.627
WNRA -2488618.224 -4668758.183  3550442.896
WOMT -2379008.270 -4682864.430  3608497.667
WOOS   676083.551 -4787912.033  4145670.988
WPRG -1758812.317 -4194791.015  4460036.417
WRHS -2521083.663 -4657280.266  3542601.992
WROC  3835750.941  1177250.292  4941605.437
WSLR -2227014.032 -3439649.177  4872522.110
WSMN -1517578.100 -5173006.239  3399278.566
WSRT  3828735.547   443305.295  5064884.913
WTHG  1611820.043  -728066.955  6108625.338
WTZJ  4075579.557   931855.729  4801568.478
WTZR  4075580.214   931854.157  4801568.342
WTZS  4075534.852   931822.689  4801609.223
WTZT  4075577.152   931855.783  4801570.514
WTZZ  4075579.094   931853.473  4801569.249
WUHN -2267750.144  5009154.160  3221290.522
WWFG -2304470.942 -4814376.463  3479801.860
WWMT -2376091.861 -4733825.551  3542781.201
XIAN -1735213.492  4976839.887  3580538.029
XMIS -1696345.012  6039589.997 -1149274.761
YAIG  -951666.740 -5963486.722  2049361.343
YAKT -1914999.407  2308241.431  5610225.453
YAKZ -1915023.867  2308212.972  5610224.889
YAR1 -2389026.897  5043317.066 -3078529.236
YAR2 -2389026.898  5043317.105 -3078529.255
YAR3 -2389044.055  5043313.636 -3078524.092
YARR -2389025.863  5043315.597 -3078532.680
YBHB -2576448.210 -4011576.367  4224116.998
YCBA  2623233.428 -5303044.832 -2376415.819
YEBE  4848724.504  -261631.800  4123094.410
YEL2 -1224442.283 -2689174.717  5633660.392
YELL -1224453.106 -2689216.237  5633638.292
YELM -2350438.515 -3674467.586  4637934.614
YESX -1821343.194 -5313763.750  3014176.329
YIBL  3294552.015  4905092.613  2393580.304
YKRO  6306439.966  -578380.412   757956.805
YMER  1268822.476  -573597.497  6204511.186
YMTS  1562758.106 -4338108.961  4391969.186
YONS -3047507.416  4043980.281  3865242.829
YOSH  4419044.884  3118410.983  3370570.260
YOU1   890487.034 -4568460.565  4346297.854
YRCM  4487075.553  3133520.150  3265358.375
YSSK -3465321.272  2638269.261  4644085.263
YSST  4225148.050  2341157.997  4151211.785
YUHG -2350031.330 -4834921.633  3421196.051
ZADA  4425736.487  1204735.142  4417173.949
ZAMB  5415352.921  2917210.319 -1685888.504
ZECK  3451174.251  3060335.741  4391955.832
ZIM2  4331299.588   567537.703  4633133.963
ZIMJ  4331293.624   567542.508  4633135.962
ZIMM  4331296.778   567556.258  4633134.182
ZIMZ  4331292.392   567545.719  4633136.184
ZOA1 -2684436.965 -4293336.815  3865351.693
ZOA2 -2684433.953 -4293340.895  3865349.267
ZOLE -2448971.424 -4284227.727  4029451.138
ZOMB  5019507.386  3557316.581 -1680492.215
ZOUF  4282709.717   986659.821  4609470.047
ZWE2  2886335.403  2155987.830  5245818.947
ZWEN  2886324.903  2155998.765  5245816.325
7ODM -2407751.411 -4706536.318  3557571.568
